{"assets":{"90270185935793D1C7DDFF61539DA5FC":{"type":"texture","index":19,"assetRequest":{"type":"slide","state":"outgoing","slide":"0C207B8D-59E2-4D39-BA0E-DF7229CF17C8"},"url":"assets/90270185935793D1C7DDFF61539DA5FC.svg","width":1280,"height":720},"B6FD2740DBB6592AA802F2B0297456AA":{"type":"texture","index":20,"assetRequest":{"type":"slide","state":"incoming","slide":"85A37524-2250-4892-9ABB-94585390E159"},"url":"assets/B6FD2740DBB6592AA802F2B0297456AA.svg","width":1280,"height":720}},"events":[{"effects":[{"beginTime":0,"baseLayer":{"animations":[],"initialState":{"affineTransform":[1,0,0,1,0,0],"masksToBounds":true,"rotation":0,"scale":1,"position":{"pointX":640,"pointY":360},"width":1280,"sublayerTransform":[1,0,0,0,0,1,0,0,0,0,1,0,0,0,0,1],"contentsRect":{"y":0,"x":0,"width":1,"height":1},"opacity":1,"edgeAntialiasingMask":0,"height":720,"hidden":false,"anchorPoint":{"pointX":0.5,"pointY":0.5}},"objectID":"0","layers":[{"animations":[],"initialState":{"affineTransform":[1,0,0,1,0,0],"masksToBounds":false,"rotation":0,"scale":1,"position":{"pointX":640,"pointY":360},"width":1280,"sublayerTransform":[1,0,0,0,0,1,0,0,0,0,1,-0.0005251186870016398,0,0,0,1],"contentsRect":{"y":0,"x":0,"width":1,"height":1},"opacity":1,"edgeAntialiasingMask":15,"height":720,"hidden":false,"anchorPoint":{"pointX":0.5,"pointY":0.5}},"layers":[{"animations":[],"layers":[],"initialState":{"affineTransform":[1,0,0,1,0,0],"masksToBounds":false,"rotation":0,"scale":1,"position":{"pointX":640,"pointY":360},"width":1280,"sublayerTransform":[1,0,0,0,0,1,0,0,0,0,1,0,0,0,0,1],"contentsRect":{"y":0,"x":0,"width":1,"height":1},"opacity":1,"edgeAntialiasingMask":0,"height":720,"hidden":false,"anchorPoint":{"pointX":0.5,"pointY":0.5}},"texture":"B6FD2740DBB6592AA802F2B0297456AA"},{"animations":[{"from":{"scalar":false},"beginTime":0,"repeatCount":0,"fillMode":"both","property":"hidden","duration":0.01,"to":{"scalar":true}}],"layers":[],"initialState":{"affineTransform":[1,0,0,1,0,0],"masksToBounds":false,"rotation":0,"scale":1,"position":{"pointX":640,"pointY":360},"width":1280,"sublayerTransform":[1,0,0,0,0,1,0,0,0,0,1,0,0,0,0,1],"contentsRect":{"y":0,"x":0,"width":1,"height":1},"opacity":1,"edgeAntialiasingMask":0,"height":720,"hidden":false,"anchorPoint":{"pointX":0.5,"pointY":0.5}},"texture":"90270185935793D1C7DDFF61539DA5FC"}]}]},"effects":[],"duration":0.01,"type":"transition","name":"none","objectID":"0"}],"automaticPlay":false,"hyperlinks":[],"accessibility":[{"text":"Thomas Höllt  //  Ovis: A Framework for Visual Analysis of Ocean Forecast Ensembles  // 13th Jan 2015 //   ","targetRectangle":{"y":691,"x":391.6400000000004,"width":869.0399999999994,"height":23.46014404296875}},{"text":"Sea surface height simulation","targetRectangle":{"y":172,"x":63.00000059604645,"width":394.2300000000001,"height":75.08224487304688}},{"text":"Height fields","targetRectangle":{"y":248,"x":93.00000059604645,"width":162.486,"height":75.08224487304688}},{"text":"1/10° grid of the Gulf of Mexico/Red Sea","targetRectangle":{"y":324,"x":93.00000059604645,"width":559.096,"height":75.08224487304688}},{"text":" ➫ 275 x 325(GoM) / 450 × 210 (RS) samples","targetRectangle":{"y":400,"x":123.0000005960464,"width":650.8343749999999,"height":75.08224487304688}},{"text":"10/30 time steps","targetRectangle":{"y":476,"x":93.00000059604645,"width":236.844,"height":75.08224487304688}},{"text":"Multi-valued: 50 simulation runs each","targetRectangle":{"y":552,"x":93.00000059604645,"width":501.3639999999999,"height":39.08224487304688}},{"text":"Data","targetRectangle":{"y":17,"x":39,"width":111.06,"height":69.38043212890625}},{"text":"redsea.png","targetRectangle":{"y":157.9734773635864,"x":1017.899591445923,"width":215.4714881205873,"height":326.1875}},{"text":"￼","targetRectangle":{"y":691,"x":1253.5,"width":11.11999999999989,"height":23.46014404296875}},{"text":"1000px-KAUST_Logo.svg.png","targetRectangle":{"y":16,"x":1198.996459960938,"width":65,"height":64.10344696044922}},{"text":"GMSV-Review-Example-16by9.png","targetRectangle":{"y":-1,"x":0,"width":1280,"height":121}},{"text":"map.png","targetRectangle":{"y":419.1875028610229,"x":813.0660247802734,"width":280.7229521183763,"height":221.6250243129616}}],"baseLayer":{"animations":[],"initialState":{"affineTransform":[1,0,0,1,0,0],"masksToBounds":true,"rotation":0,"scale":1,"position":{"pointX":640,"pointY":360},"width":1280,"sublayerTransform":[1,0,0,0,0,1,0,0,0,0,1,0,0,0,0,1],"contentsRect":{"y":0,"x":0,"width":1,"height":1},"opacity":1,"edgeAntialiasingMask":0,"height":720,"hidden":false,"anchorPoint":{"pointX":0.5,"pointY":0.5}},"objectID":"0","layers":[{"animations":[],"initialState":{"affineTransform":[1,0,0,1,0,0],"masksToBounds":false,"rotation":0,"scale":1,"position":{"pointX":640,"pointY":360},"width":1280,"sublayerTransform":[1,0,0,0,0,1,0,0,0,0,1,-0.0005251186870016398,0,0,0,1],"contentsRect":{"y":0,"x":0,"width":1,"height":1},"opacity":1,"edgeAntialiasingMask":15,"height":720,"hidden":false,"anchorPoint":{"pointX":0.5,"pointY":0.5}},"layers":[{"animations":[],"layers":[],"initialState":{"affineTransform":[1,0,0,1,0,0],"masksToBounds":false,"rotation":0,"scale":1,"position":{"pointX":640,"pointY":360},"width":1280,"sublayerTransform":[1,0,0,0,0,1,0,0,0,0,1,0,0,0,0,1],"contentsRect":{"y":0,"x":0,"width":1,"height":1},"opacity":1,"edgeAntialiasingMask":0,"height":720,"hidden":false,"anchorPoint":{"pointX":0.5,"pointY":0.5}},"texture":"90270185935793D1C7DDFF61539DA5FC"}]}]}}]}