{"assets":{"644C434DD699FD272341E53EE353E0B8":{"type":"texture","index":7,"assetRequest":{"type":"slide","state":"contents","slide":"28A1E492-2EC9-4A4B-9C43-850FF5421288"},"url":"assets/644C434DD699FD272341E53EE353E0B8.svg","width":1462,"height":303},"B6F03DE8D060E91D895B6C8E22DAA0DA":{"type":"texture","index":13,"assetRequest":{"type":"slide","state":"contents","slide":"28A1E492-2EC9-4A4B-9C43-850FF5421288"},"url":"assets/B6F03DE8D060E91D895B6C8E22DAA0DA.svg","width":192,"height":169},"73FBF9D3D9D3E7A751916EA8CE9D78F7":{"type":"texture","index":6,"assetRequest":{"type":"slide","state":"contents","slide":"28A1E492-2EC9-4A4B-9C43-850FF5421288"},"url":"assets/73FBF9D3D9D3E7A751916EA8CE9D78F7.svg","width":1280,"height":720},"EF7957817BDBB264FC60FCD15222C418":{"type":"texture","index":11,"assetRequest":{"type":"slide","state":"contents","slide":"28A1E492-2EC9-4A4B-9C43-850FF5421288"},"url":"assets/EF7957817BDBB264FC60FCD15222C418.svg","width":14,"height":17},"ED0F72947EF775659E3FE4A9A8941549":{"type":"texture","index":15,"assetRequest":{"type":"slide","state":"outgoing","slide":"28A1E492-2EC9-4A4B-9C43-850FF5421288"},"url":"assets/ED0F72947EF775659E3FE4A9A8941549.svg","width":1280,"height":720},"9D42FBC0A9406A3265C309CC1505505E":{"type":"texture","index":16,"assetRequest":{"type":"slide","state":"incoming","slide":"E3FEDED1-126B-427B-B9A3-0C272F5DBD0C"},"url":"assets/9D42FBC0A9406A3265C309CC1505505E.svg","width":1280,"height":720},"B3AD4107A9737E20FDBE78E78D22C444":{"type":"texture","index":14,"assetRequest":{"type":"slide","state":"contents","slide":"28A1E492-2EC9-4A4B-9C43-850FF5421288"},"url":"assets/B3AD4107A9737E20FDBE78E78D22C444.svg","width":60,"height":64},"55278D95A73D15106F1837F58D8765B7":{"type":"texture","index":9,"assetRequest":{"type":"slide","state":"contents","slide":"28A1E492-2EC9-4A4B-9C43-850FF5421288"},"url":"assets/55278D95A73D15106F1837F58D8765B7.svg","width":867,"height":21},"2CA2FBB4541AB81EC785B18D7ED7BEA0":{"type":"texture","index":8,"assetRequest":{"type":"slide","state":"contents","slide":"28A1E492-2EC9-4A4B-9C43-850FF5421288"},"url":"assets/2CA2FBB4541AB81EC785B18D7ED7BEA0.svg","width":68,"height":67},"D7836C07504B9E2F439B72D2E4AC8090":{"type":"texture","index":12,"assetRequest":{"type":"slide","state":"contents","slide":"28A1E492-2EC9-4A4B-9C43-850FF5421288"},"url":"assets/D7836C07504B9E2F439B72D2E4AC8090.svg","width":754,"height":571},"31AC1C420B85B6764E49116394C4A1B8":{"type":"texture","index":10,"assetRequest":{"type":"slide","state":"contents","slide":"28A1E492-2EC9-4A4B-9C43-850FF5421288"},"url":"assets/31AC1C420B85B6764E49116394C4A1B8.svg","width":762,"height":58}},"events":[{"effects":[{"beginTime":0,"baseLayer":{"animations":[],"initialState":{"affineTransform":[1,0,0,1,0,0],"masksToBounds":false,"rotation":0,"scale":1,"position":{"pointX":672.9714413207059,"pointY":334.5363027391315},"width":182.3664187281302,"sublayerTransform":[1,0,0,0,0,1,0,0,0,0,1,0,0,0,0,1],"contentsRect":{"y":0,"x":0,"width":1,"height":1},"opacity":1,"edgeAntialiasingMask":15,"height":158.6483919966898,"hidden":false,"anchorPoint":{"pointX":0.5,"pointY":0.5}},"objectID":"2454C98E-A485-4EB4-B49F-548A2656F678","layers":[{"animations":[],"initialState":{"affineTransform":[1,0,0,1,0,0],"masksToBounds":false,"rotation":0,"scale":1,"position":{"pointX":58.21176804335914,"pointY":104.7878932592134},"width":182.3664187281302,"sublayerTransform":[1,0,0,0,0,1,0,0,0,0,1,-0.0005251186870016398,0,0,0,1],"contentsRect":{"y":0,"x":0,"width":1,"height":1},"opacity":1,"edgeAntialiasingMask":15,"height":158.6483919966898,"hidden":false,"anchorPoint":{"pointX":0.3192022327868411,"pointY":0.6605039732227462}},"layers":[{"animations":[{"repeatCount":0,"animations":[{"from":{"scalar":0},"beginTime":0,"repeatCount":0,"fillMode":"both","property":"opacity","duration":1,"timingFunction":"easeInEaseOut","to":{"scalar":1}},{"from":{"scalar":false},"beginTime":0,"repeatCount":0,"fillMode":"forwards","property":"hidden","duration":1,"to":{"scalar":false}}],"beginTime":1e-100,"fillMode":"both","duration":1}],"layers":[],"initialState":{"affineTransform":[1,0,0,1,0,0],"masksToBounds":false,"rotation":0,"scale":1,"position":{"pointX":91.21176804335914,"pointY":79.28789325921338},"width":192,"sublayerTransform":[1,0,0,0,0,1,0,0,0,0,1,0,0,0,0,1],"contentsRect":{"y":0,"x":0,"width":1,"height":1},"opacity":1,"edgeAntialiasingMask":0,"height":169,"hidden":true,"anchorPoint":{"pointX":0.5,"pointY":0.5}},"texture":"B6F03DE8D060E91D895B6C8E22DAA0DA"}]}]},"effects":[],"duration":1,"type":"buildIn","attributes":{"direction":23},"name":"apple:wipe","objectID":"2454C98E-A485-4EB4-B49F-548A2656F678"}],"automaticPlay":false,"hyperlinks":[],"accessibility":[{"text":"1000px-KAUST_Logo.svg.png","targetRectangle":{"y":16,"x":1198.996459960938,"width":65,"height":64.10344696044922}},{"text":"Offshore Operations in the GoM","targetRectangle":{"y":17,"x":39,"width":763.5,"height":69.38043212890625}},{"text":"￼","targetRectangle":{"y":691,"x":1253.5,"width":11.11999999999989,"height":23.46014404296875}},{"text":"map.png","targetRectangle":{"y":120.4042358398438,"x":263,"width":752,"height":568}},{"text":"Thomas Höllt  //  Ovis: A Framework for Visual Analysis of Ocean Forecast Ensembles  // 13th Jan 2015 //   ","targetRectangle":{"y":691,"x":391.6400000000004,"width":869.0399999999994,"height":23.46014404296875}},{"text":"GMSV-Review-Example-16by9.png","targetRectangle":{"y":-1,"x":0,"width":1280,"height":121}}],"baseLayer":{"animations":[],"initialState":{"affineTransform":[1,0,0,1,0,0],"masksToBounds":true,"rotation":0,"scale":1,"position":{"pointX":640,"pointY":360},"width":1280,"sublayerTransform":[1,0,0,0,0,1,0,0,0,0,1,0,0,0,0,1],"contentsRect":{"y":0,"x":0,"width":1,"height":1},"opacity":1,"edgeAntialiasingMask":0,"height":720,"hidden":false,"anchorPoint":{"pointX":0.5,"pointY":0.5}},"layers":[{"animations":[],"initialState":{"affineTransform":[1,0,0,1,0,0],"masksToBounds":false,"rotation":0,"scale":1,"position":{"pointX":640,"pointY":360},"width":1280,"sublayerTransform":[1,0,0,0,0,1,0,0,0,0,1,0,0,0,0,1],"contentsRect":{"y":0,"x":0,"width":1,"height":1},"opacity":1,"edgeAntialiasingMask":15,"height":720,"hidden":false,"anchorPoint":{"pointX":0.5,"pointY":0.5}},"layers":[{"animations":[],"initialState":{"affineTransform":[1,0,0,1,0,0],"masksToBounds":false,"rotation":0,"scale":1,"position":{"pointX":640,"pointY":360},"width":1280,"sublayerTransform":[1,0,0,0,0,1,0,0,0,0,1,0,0,0,0,1],"contentsRect":{"y":0,"x":0,"width":1,"height":1},"opacity":1,"edgeAntialiasingMask":15,"height":720,"hidden":false,"anchorPoint":{"pointX":0.5,"pointY":0.5}},"layers":[{"animations":[],"layers":[],"initialState":{"affineTransform":[1,0,0,1,0,0],"masksToBounds":false,"rotation":0,"scale":1,"position":{"pointX":640,"pointY":360},"width":1280,"sublayerTransform":[1,0,0,0,0,1,0,0,0,0,1,0,0,0,0,1],"contentsRect":{"y":0,"x":0,"width":1,"height":1},"opacity":1,"edgeAntialiasingMask":0,"height":720,"hidden":false,"anchorPoint":{"pointX":0.5,"pointY":0.5}},"texture":"73FBF9D3D9D3E7A751916EA8CE9D78F7"}]}]},{"animations":[],"initialState":{"affineTransform":[1,0,0,1,0,0],"masksToBounds":false,"rotation":0,"scale":1,"position":{"pointX":640,"pointY":360},"width":1280,"sublayerTransform":[1,0,0,0,0,1,0,0,0,0,1,0,0,0,0,1],"contentsRect":{"y":0,"x":0,"width":1,"height":1},"opacity":1,"edgeAntialiasingMask":15,"height":720,"hidden":false,"anchorPoint":{"pointX":0.5,"pointY":0.5}},"layers":[{"animations":[],"initialState":{"affineTransform":[1,0,0,1,0,0],"masksToBounds":false,"rotation":0,"scale":1,"position":{"pointX":640,"pointY":59.5},"width":1280,"sublayerTransform":[1,0,0,0,0,1,0,0,0,0,1,0,0,0,0,1],"contentsRect":{"y":0,"x":0,"width":1,"height":1},"opacity":1,"edgeAntialiasingMask":15,"height":121,"hidden":false,"anchorPoint":{"pointX":0.5,"pointY":0.5}},"objectID":"078E0FF4-F211-4DB4-B723-85DF8047D1FA","layers":[{"animations":[],"layers":[],"initialState":{"affineTransform":[1,0,0,1,0,0],"masksToBounds":false,"rotation":0,"scale":1,"position":{"pointX":640,"pointY":60.5},"width":1462,"sublayerTransform":[1,0,0,0,0,1,0,0,0,0,1,0,0,0,0,1],"contentsRect":{"y":0,"x":0,"width":1,"height":1},"opacity":1,"edgeAntialiasingMask":0,"height":303,"hidden":false,"anchorPoint":{"pointX":0.5,"pointY":0.5}},"texture":"644C434DD699FD272341E53EE353E0B8"}]}]},{"animations":[],"initialState":{"affineTransform":[1,0,0,1,0,0],"masksToBounds":false,"rotation":0,"scale":1,"position":{"pointX":640,"pointY":360},"width":1280,"sublayerTransform":[1,0,0,0,0,1,0,0,0,0,1,0,0,0,0,1],"contentsRect":{"y":0,"x":0,"width":1,"height":1},"opacity":1,"edgeAntialiasingMask":15,"height":720,"hidden":false,"anchorPoint":{"pointX":0.5,"pointY":0.5}},"layers":[{"animations":[],"initialState":{"affineTransform":[1,0,0,1,0,0],"masksToBounds":false,"rotation":0,"scale":1,"position":{"pointX":1231.496459960938,"pointY":48.05172348022461},"width":65,"sublayerTransform":[1,0,0,0,0,1,0,0,0,0,1,0,0,0,0,1],"contentsRect":{"y":0,"x":0,"width":1,"height":1},"opacity":1,"edgeAntialiasingMask":15,"height":64.10344696044922,"hidden":false,"anchorPoint":{"pointX":0.5,"pointY":0.5}},"objectID":"222ECC80-B172-4292-8D7B-88FAA58890F3","layers":[{"animations":[],"layers":[],"initialState":{"affineTransform":[1,0,0,1,0,0],"masksToBounds":false,"rotation":0,"scale":1,"position":{"pointX":32.0035400390625,"pointY":32.5},"width":68,"sublayerTransform":[1,0,0,0,0,1,0,0,0,0,1,0,0,0,0,1],"contentsRect":{"y":0,"x":0,"width":1,"height":1},"opacity":1,"edgeAntialiasingMask":0,"height":67,"hidden":false,"anchorPoint":{"pointX":0.5,"pointY":0.5}},"texture":"2CA2FBB4541AB81EC785B18D7ED7BEA0"}]}]},{"animations":[],"initialState":{"affineTransform":[1,0,0,1,0,0],"masksToBounds":false,"rotation":0,"scale":1,"position":{"pointX":640,"pointY":360},"width":1280,"sublayerTransform":[1,0,0,0,0,1,0,0,0,0,1,0,0,0,0,1],"contentsRect":{"y":0,"x":0,"width":1,"height":1},"opacity":1,"edgeAntialiasingMask":15,"height":720,"hidden":false,"anchorPoint":{"pointX":0.5,"pointY":0.5}},"layers":[{"animations":[],"initialState":{"affineTransform":[1,0,0,1,0,0],"masksToBounds":false,"rotation":0,"scale":1,"position":{"pointX":624,"pointY":703},"width":1248,"sublayerTransform":[1,0,0,0,0,1,0,0,0,0,1,0,0,0,0,1],"contentsRect":{"y":0,"x":0,"width":1,"height":1},"opacity":1,"edgeAntialiasingMask":15,"height":32,"hidden":false,"anchorPoint":{"pointX":0.5,"pointY":0.5}},"objectID":"6CAE889C-7430-463D-AA5E-766025C22742","layers":[{"animations":[],"layers":[],"initialState":{"affineTransform":[1,0,0,1,0,0],"masksToBounds":false,"rotation":0,"scale":1,"position":{"pointX":823.5,"pointY":17.5},"width":867,"sublayerTransform":[1,0,0,0,0,1,0,0,0,0,1,0,0,0,0,1],"contentsRect":{"y":0,"x":0,"width":1,"height":1},"opacity":1,"edgeAntialiasingMask":0,"height":21,"hidden":false,"anchorPoint":{"pointX":0.5,"pointY":0.5}},"texture":"55278D95A73D15106F1837F58D8765B7"}]}]},{"animations":[],"initialState":{"affineTransform":[1,0,0,1,0,0],"masksToBounds":false,"rotation":0,"scale":1,"position":{"pointX":640,"pointY":360},"width":1280,"sublayerTransform":[1,0,0,0,0,1,0,0,0,0,1,0,0,0,0,1],"contentsRect":{"y":0,"x":0,"width":1,"height":1},"opacity":1,"edgeAntialiasingMask":15,"height":720,"hidden":false,"anchorPoint":{"pointX":0.5,"pointY":0.5}},"layers":[{"animations":[],"initialState":{"affineTransform":[1,0,0,1,0,0],"masksToBounds":false,"rotation":0,"scale":1,"position":{"pointX":603,"pointY":51.5},"width":1136,"sublayerTransform":[1,0,0,0,0,1,0,0,0,0,1,0,0,0,0,1],"contentsRect":{"y":0,"x":0,"width":1,"height":1},"opacity":1,"edgeAntialiasingMask":15,"height":83,"hidden":false,"anchorPoint":{"pointX":0.5,"pointY":0.5}},"objectID":"AF037613-1A42-49E3-A905-6ECE4909446C","layers":[{"animations":[],"layers":[],"initialState":{"affineTransform":[1,0,0,1,0,0],"masksToBounds":false,"rotation":0,"scale":1,"position":{"pointX":385,"pointY":47},"width":762,"sublayerTransform":[1,0,0,0,0,1,0,0,0,0,1,0,0,0,0,1],"contentsRect":{"y":0,"x":0,"width":1,"height":1},"opacity":1,"edgeAntialiasingMask":0,"height":58,"hidden":false,"anchorPoint":{"pointX":0.5,"pointY":0.5}},"texture":"31AC1C420B85B6764E49116394C4A1B8"}]}]},{"animations":[],"initialState":{"affineTransform":[1,0,0,1,0,0],"masksToBounds":false,"rotation":0,"scale":1,"position":{"pointX":640,"pointY":360},"width":1280,"sublayerTransform":[1,0,0,0,0,1,0,0,0,0,1,0,0,0,0,1],"contentsRect":{"y":0,"x":0,"width":1,"height":1},"opacity":1,"edgeAntialiasingMask":15,"height":720,"hidden":false,"anchorPoint":{"pointX":0.5,"pointY":0.5}},"layers":[{"animations":[],"initialState":{"affineTransform":[1,0,0,1,0,0],"masksToBounds":false,"rotation":0,"scale":1,"position":{"pointX":1265.119995117188,"pointY":702.7300718426704},"width":31.239990234375,"sublayerTransform":[1,0,0,0,0,1,0,0,0,0,1,0,0,0,0,1],"contentsRect":{"y":0,"x":0,"width":1,"height":1},"opacity":1,"edgeAntialiasingMask":15,"height":31.46014368534088,"hidden":false,"anchorPoint":{"pointX":0.5,"pointY":0.5}},"objectID":"11445EBB-44C5-48A5-B80A-8D09BB1E0C93","layers":[{"animations":[],"layers":[],"initialState":{"affineTransform":[1,0,0,1,0,0],"masksToBounds":false,"rotation":0,"scale":1,"position":{"pointX":9.5,"pointY":16.5},"width":14,"sublayerTransform":[1,0,0,0,0,1,0,0,0,0,1,0,0,0,0,1],"contentsRect":{"y":0,"x":0,"width":1,"height":1},"opacity":1,"edgeAntialiasingMask":0,"height":17,"hidden":false,"anchorPoint":{"pointX":0.5,"pointY":0.5}},"texture":"EF7957817BDBB264FC60FCD15222C418"}]}]},{"animations":[],"initialState":{"affineTransform":[1,0,0,1,0,0],"masksToBounds":false,"rotation":0,"scale":1,"position":{"pointX":640,"pointY":360},"width":1280,"sublayerTransform":[1,0,0,0,0,1,0,0,0,0,1,0,0,0,0,1],"contentsRect":{"y":0,"x":0,"width":1,"height":1},"opacity":1,"edgeAntialiasingMask":15,"height":720,"hidden":false,"anchorPoint":{"pointX":0.5,"pointY":0.5}},"layers":[{"animations":[],"initialState":{"affineTransform":[1,0,0,1,0,0],"masksToBounds":false,"rotation":0,"scale":1,"position":{"pointX":639,"pointY":404.4042358398438},"width":752,"sublayerTransform":[1,0,0,0,0,1,0,0,0,0,1,0,0,0,0,1],"contentsRect":{"y":0,"x":0,"width":1,"height":1},"opacity":1,"edgeAntialiasingMask":15,"height":568,"hidden":false,"anchorPoint":{"pointX":0.5,"pointY":0.5}},"objectID":"A163311D-E083-4706-8E70-2EDDD8E52FD6","layers":[{"animations":[],"layers":[],"initialState":{"affineTransform":[1,0,0,1,0,0],"masksToBounds":false,"rotation":0,"scale":1,"position":{"pointX":376,"pointY":284.0957641601562},"width":754,"sublayerTransform":[1,0,0,0,0,1,0,0,0,0,1,0,0,0,0,1],"contentsRect":{"y":0,"x":0,"width":1,"height":1},"opacity":1,"edgeAntialiasingMask":0,"height":571,"hidden":false,"anchorPoint":{"pointX":0.5,"pointY":0.5}},"texture":"D7836C07504B9E2F439B72D2E4AC8090"}]}]},{"animations":[],"initialState":{"affineTransform":[1,0,0,1,0,0],"masksToBounds":false,"rotation":0,"scale":1,"position":{"pointX":640,"pointY":360},"width":1280,"sublayerTransform":[1,0,0,0,0,1,0,0,0,0,1,0,0,0,0,1],"contentsRect":{"y":0,"x":0,"width":1,"height":1},"opacity":1,"edgeAntialiasingMask":15,"height":720,"hidden":false,"anchorPoint":{"pointX":0.5,"pointY":0.5}},"layers":[{"animations":[],"initialState":{"affineTransform":[1,0,0,1,0,0],"masksToBounds":false,"rotation":0,"scale":1,"position":{"pointX":672.9714413207059,"pointY":334.5363027391315},"width":182.3664187281302,"sublayerTransform":[1,0,0,0,0,1,0,0,0,0,1,0,0,0,0,1],"contentsRect":{"y":0,"x":0,"width":1,"height":1},"opacity":1,"edgeAntialiasingMask":15,"height":158.6483919966898,"hidden":false,"anchorPoint":{"pointX":0.5,"pointY":0.5}},"objectID":"2454C98E-A485-4EB4-B49F-548A2656F678","layers":[{"animations":[],"layers":[],"initialState":{"affineTransform":[1,0,0,1,0,0],"masksToBounds":false,"rotation":0,"scale":1,"position":{"pointX":91.21176804335914,"pointY":79.28789325921338},"width":192,"sublayerTransform":[1,0,0,0,0,1,0,0,0,0,1,0,0,0,0,1],"contentsRect":{"y":0,"x":0,"width":1,"height":1},"opacity":1,"edgeAntialiasingMask":0,"height":169,"hidden":true,"anchorPoint":{"pointX":0.5,"pointY":0.5}},"texture":"B6F03DE8D060E91D895B6C8E22DAA0DA"}]}]},{"animations":[],"initialState":{"affineTransform":[1,0,0,1,0,0],"masksToBounds":false,"rotation":0,"scale":1,"position":{"pointX":640,"pointY":360},"width":1280,"sublayerTransform":[1,0,0,0,0,1,0,0,0,0,1,0,0,0,0,1],"contentsRect":{"y":0,"x":0,"width":1,"height":1},"opacity":1,"edgeAntialiasingMask":15,"height":720,"hidden":false,"anchorPoint":{"pointX":0.5,"pointY":0.5}},"layers":[{"animations":[],"initialState":{"affineTransform":[1,0,0,1,0,0],"masksToBounds":false,"rotation":0,"scale":1,"position":{"pointX":612.0000008932782,"pointY":287.0000001262146},"width":50.00000110620863,"sublayerTransform":[1,0,0,0,0,1,0,0,0,0,1,0,0,0,0,1],"contentsRect":{"y":0,"x":0,"width":1,"height":1},"opacity":1,"edgeAntialiasingMask":15,"height":53.9999997755919,"hidden":false,"anchorPoint":{"pointX":0.5,"pointY":0.5}},"objectID":"0B5B91A3-B46C-4183-B766-F3ACCAFD2440","layers":[{"animations":[],"layers":[],"initialState":{"affineTransform":[1,0,0,1,0,0],"masksToBounds":false,"rotation":0,"scale":1,"position":{"pointX":24.99999965982613,"pointY":26.99999976158142},"width":60,"sublayerTransform":[1,0,0,0,0,1,0,0,0,0,1,0,0,0,0,1],"contentsRect":{"y":0,"x":0,"width":1,"height":1},"opacity":1,"edgeAntialiasingMask":0,"height":64,"hidden":true,"anchorPoint":{"pointX":0.5,"pointY":0.5}},"texture":"B3AD4107A9737E20FDBE78E78D22C444"}]}]}]}},{"effects":[{"beginTime":0,"baseLayer":{"animations":[],"initialState":{"affineTransform":[1,0,0,1,0,0],"masksToBounds":false,"rotation":0,"scale":1,"position":{"pointX":612.0000008932782,"pointY":287.0000001262146},"width":50.00000110620863,"sublayerTransform":[1,0,0,0,0,1,0,0,0,0,1,0,0,0,0,1],"contentsRect":{"y":0,"x":0,"width":1,"height":1},"opacity":1,"edgeAntialiasingMask":15,"height":53.9999997755919,"hidden":false,"anchorPoint":{"pointX":0.5,"pointY":0.5}},"objectID":"0B5B91A3-B46C-4183-B766-F3ACCAFD2440","layers":[{"animations":[],"initialState":{"affineTransform":[1,0,0,1,0,0],"masksToBounds":false,"rotation":0,"scale":1,"position":{"pointX":52.99999965982613,"pointY":99.99999976158142},"width":50.00000110620863,"sublayerTransform":[1,0,0,0,0,1,0,0,0,0,1,-0.0005251186870016398,0,0,0,1],"contentsRect":{"y":0,"x":0,"width":1,"height":1},"opacity":1,"edgeAntialiasingMask":15,"height":53.9999997755919,"hidden":false,"anchorPoint":{"pointX":1.0599999697449,"pointY":1.851851855132444}},"layers":[{"animations":[{"repeatCount":0,"animations":[{"from":{"scalar":0},"beginTime":0,"repeatCount":0,"fillMode":"both","property":"opacity","duration":0.5,"timingFunction":"easeInEaseOut","to":{"scalar":1}},{"from":{"scalar":false},"beginTime":0,"repeatCount":0,"fillMode":"forwards","property":"hidden","duration":0.5,"to":{"scalar":false}}],"beginTime":1e-100,"fillMode":"both","duration":0.5}],"layers":[],"initialState":{"affineTransform":[1,0,0,1,0,0],"masksToBounds":false,"rotation":0,"scale":1,"position":{"pointX":24.99999965982613,"pointY":26.99999976158142},"width":60,"sublayerTransform":[1,0,0,0,0,1,0,0,0,0,1,0,0,0,0,1],"contentsRect":{"y":0,"x":0,"width":1,"height":1},"opacity":1,"edgeAntialiasingMask":0,"height":64,"hidden":true,"anchorPoint":{"pointX":0.5,"pointY":0.5}},"texture":"B3AD4107A9737E20FDBE78E78D22C444"}]}]},"effects":[{"beginTime":0,"baseLayer":{"animations":[],"initialState":{"affineTransform":[1,0,0,1,0,0],"masksToBounds":false,"rotation":0,"scale":1,"position":{"pointX":612.0000008932782,"pointY":287.0000001262146},"width":50.00000110620863,"sublayerTransform":[1,0,0,0,0,1,0,0,0,0,1,0,0,0,0,1],"contentsRect":{"y":0,"x":0,"width":1,"height":1},"opacity":1,"edgeAntialiasingMask":15,"height":53.9999997755919,"hidden":false,"anchorPoint":{"pointX":0.5,"pointY":0.5}},"objectID":"0B5B91A3-B46C-4183-B766-F3ACCAFD2440","layers":[{"animations":[{"from":{"scalar":0},"beginTime":1e-100,"repeatCount":0,"fillMode":"both","property":"transform.rotation.z","duration":3.5,"to":{"scalar":25.13274}}],"layers":[],"initialState":{"affineTransform":[1,0,0,1,0,0],"masksToBounds":false,"rotation":0,"scale":1,"position":{"pointX":24.99999965982613,"pointY":26.99999976158142},"width":60,"sublayerTransform":[1,0,0,0,0,1,0,0,0,0,1,0,0,0,0,1],"contentsRect":{"y":0,"x":0,"width":1,"height":1},"opacity":1,"edgeAntialiasingMask":0,"height":64,"hidden":false,"anchorPoint":{"pointX":0.5,"pointY":0.5}},"texture":"B3AD4107A9737E20FDBE78E78D22C444"}]},"effects":[],"duration":3.5,"type":"actionBuild","name":"apple:action-rotation","objectID":"0B5B91A3-B46C-4183-B766-F3ACCAFD2440"},{"beginTime":0.5,"baseLayer":{"animations":[],"initialState":{"affineTransform":[1,0,0,1,0,0],"masksToBounds":false,"rotation":0,"scale":1,"position":{"pointX":612.0000008932782,"pointY":287.0000001262146},"width":50.00000110620863,"sublayerTransform":[1,0,0,0,0,1,0,0,0,0,1,0,0,0,0,1],"contentsRect":{"y":0,"x":0,"width":1,"height":1},"opacity":1,"edgeAntialiasingMask":15,"height":53.9999997755919,"hidden":false,"anchorPoint":{"pointX":0.5,"pointY":0.5}},"objectID":"0B5B91A3-B46C-4183-B766-F3ACCAFD2440","layers":[{"animations":[{"repeatCount":0,"path":[{"type":"MoveToPoint","points":[[24.99999965982613,26.99999976158142]]},{"type":"AddLine","points":[[23.40567041005801,26.12558531591471]]},{"type":"AddLine","points":[[21.8113411602899,25.25117087024799]]},{"type":"AddLine","points":[[20.21701191052178,24.37675642458127]]},{"type":"AddLine","points":[[18.62268266075366,23.50234197891455]]},{"type":"AddLine","points":[[17.02835374242302,22.62792771502567]]},{"type":"AddLine","points":[[15.43402416121743,21.75351308758112]]},{"type":"AddLine","points":[[13.83734309114414,20.88409872302661]]},{"type":"AddLine","points":[[12.14713327896318,20.21351918985575]]},{"type":"AddLine","points":[[10.45692351935792,19.54293967754394]]},{"type":"AddLine","points":[[8.766713572816826,18.87236009106658]]},{"type":"AddLine","points":[[7.076503626275729,18.20178050458922]]},{"type":"AddLine","points":[[5.386294053606315,17.53120106644297]]},{"type":"AddLine","points":[[3.696084480936902,16.86062162829672]]},{"type":"AddLine","points":[[2.005874160524122,16.19004189348825]]},{"type":"AddLine","points":[[0.2798360289043649,15.62519301468734]]},{"type":"AddLine","points":[[-1.469853964962775,15.13014596079461]]},{"type":"AddLine","points":[[-3.219543856457993,14.6350989358664]]},{"type":"AddLine","points":[[-4.969233952697054,14.14005185300916]]},{"type":"AddLine","points":[[-6.71892363944843,13.64500488600997]]},{"type":"AddLine","points":[[-8.468613735687491,13.14995780315274]]},{"type":"AddLine","points":[[-10.21830383192655,12.6549107202955]]},{"type":"AddLine","points":[[-11.96799392816561,12.15986363743826]]},{"type":"AddLine","points":[[-13.74459769056771,11.77825729951563]]},{"type":"AddLine","points":[[-15.53019802499244,11.4345752851756]]},{"type":"AddLine","points":[[-17.31579868813127,11.09089320756659]]},{"type":"AddLine","points":[[-19.10139869384189,10.74721125649555]]},{"type":"AddLine","points":[[-20.88699913783798,10.40352922106586]]},{"type":"AddLine","points":[[-22.67259958183408,10.05984718563618]]},{"type":"AddLine","points":[[-24.45820002583017,9.716165150206489]]},{"type":"AddLine","points":[[-26.24380046982626,9.372483114776802]]},{"type":"AddLine","points":[[-28.03990516124222,9.096788632626247]]},{"type":"AddLine","points":[[-29.84596832389878,8.885550266844966]]},{"type":"AddLine","points":[[-31.65203183175414,8.674311860689002]]},{"type":"AddLine","points":[[-33.45809487934445,8.46307350836595]]},{"type":"AddLine","points":[[-35.26415838719981,8.251835102209984]]},{"type":"AddLine","points":[[-37.07022189505517,8.04059669605402]]},{"type":"AddLine","points":[[-38.87628540291053,7.829358289898057]]},{"type":"AddLine","points":[[-40.68234799023578,7.618119991407915]]},{"type":"AddLine","points":[[-42.48841149809114,7.40688158525195]]},{"type":"AddLine","points":[[-44.30404606183636,7.309652767641999]]},{"type":"AddLine","points":[[-46.12005401399971,7.216906166708784]]},{"type":"AddLine","points":[[-47.93606172844986,7.124159577915986]]},{"type":"AddLine","points":[[-49.75206991832643,7.031412964842354]]},{"type":"AddLine","points":[[-51.56807715735015,6.938666400330388]]},{"type":"AddLine","points":[[-53.38408534722672,6.845919787256757]]},{"type":"AddLine","points":[[-55.20009353710329,6.753173174183126]]},{"type":"AddLine","points":[[-57.01610077612701,6.66042660967116]]},{"type":"AddLine","points":[[-58.83251405761747,6.587032201091168]]},{"type":"AddLine","points":[[-60.65081707935916,6.603185165914242]]},{"type":"AddLine","points":[[-62.46911998015845,6.61933812966292]]},{"type":"AddLine","points":[[-64.28742312284254,6.635491095560391]]},{"type":"AddLine","points":[[-66.10572578175703,6.651644057160276]]},{"type":"AddLine","points":[[-67.92402844067153,6.667797018760161]]},{"type":"AddLine","points":[[-69.74233158335562,6.683949984657631]]},{"type":"AddLine","points":[[-71.56063472603969,6.700102950555102]]},{"type":"AddLine","points":[[-73.37893786872378,6.716255916452573]]},{"type":"AddLine","points":[[-75.19627820760935,6.7582278288521]]},{"type":"AddLine","points":[[-77.01073646174662,6.877506877041654]]},{"type":"AddLine","points":[[-78.82519474621479,6.996785927225104]]},{"type":"AddLine","points":[[-80.63965327333023,7.116064993359725]]},{"type":"AddLine","points":[[-82.45411131515112,7.235344027592003]]},{"type":"AddLine","points":[[-84.26856984226656,7.354623093726625]]},{"type":"AddLine","points":[[-86.08302788408746,7.473902127958903]]},{"type":"AddLine","points":[[-87.89748592590836,7.593181162191181]]},{"type":"AddLine","points":[[-89.71194493831833,7.712460260228146]]},{"type":"AddLine","points":[[-91.52379232037472,7.859558641252193]]},{"type":"AddLine","points":[[-93.32879590890754,8.079668619092239]]},{"type":"AddLine","points":[[-95.1337994374402,8.299778589615602]]},{"type":"AddLine","points":[[-96.93880296597285,8.519888560138968]]},{"type":"AddLine","points":[[-98.74380649450552,8.739998530662332]]},{"type":"AddLine","points":[[-100.5488105030395,8.960108559719137]]},{"type":"AddLine","points":[[-102.3538140315721,9.180218530242502]]},{"type":"AddLine","points":[[-104.1588175601048,9.400328500765866]]},{"type":"AddLine","points":[[-105.9638210886374,9.62043847128923]]},{"type":"AddLine","points":[[-107.7634033904367,9.876506806848036]]},{"type":"AddLine","points":[[-109.5530369361086,10.19852882125532]]},{"type":"AddLine","points":[[-111.3426705402668,10.52055084618646]]},{"type":"AddLine","points":[[-113.1323036765351,10.84257278692672]]},{"type":"AddLine","points":[[-114.9219372806932,11.16459481185786]]},{"type":"AddLine","points":[[-116.7115704169615,11.48661675259812]]},{"type":"AddLine","points":[[-118.5012040211197,11.80863877752926]]},{"type":"AddLine","points":[[-120.2908376252778,12.1306608024604]]},{"type":"AddLine","points":[[-122.080471229436,12.45268282739154]]},{"type":"AddLine","points":[[-123.8570700171038,12.83651119884959]]},{"type":"AddLine","points":[[-125.6242252413552,13.26505351407598]]},{"type":"AddLine","points":[[-127.3913805778467,13.69359585652104]]},{"type":"AddLine","points":[[-129.158535689858,14.12213814452876]]},{"type":"AddLine","points":[[-130.9256912508296,14.55068054141115]]},{"type":"AddLine","points":[[-132.6928459138808,14.97922272054422]]},{"type":"AddLine","points":[[-134.4600014748523,15.40776511742661]]},{"type":"AddLine","points":[[-136.2271570358238,15.83630751430899]]},{"type":"AddLine","points":[[-137.9925412081166,16.27122948157568]]},{"type":"AddLine","points":[[-139.7277565817682,16.81484119382844]]},{"type":"AddLine","points":[[-141.4629720546102,17.35845293715574]]},{"type":"AddLine","points":[[-143.1981875274522,17.90206468048305]]},{"type":"AddLine","points":[[-144.9334025770819,18.44567629122559]]},{"type":"AddLine","points":[[-146.6686184731361,18.98928816713767]]},{"type":"AddLine","points":[[-148.4038335227659,19.53289977788021]]},{"type":"AddLine","points":[[-150.1390485723956,20.07651138862275]]},{"type":"AddLine","points":[[-151.8742644684498,20.62012326453483]]},{"type":"AddLine","points":[[-153.5698121279477,21.27549500749387]]},{"type":"AddLine","points":[[-155.2595249633605,21.94732621164577]]},{"type":"AddLine","points":[[-156.9492377011117,22.61915737696735]]},{"type":"AddLine","points":[[-158.6389502435398,23.29098846462832]]},{"type":"AddLine","points":[[-160.3286631766141,23.96281970761052]]},{"type":"AddLine","points":[[-162.0183757190422,24.6346507952715]]},{"type":"AddLine","points":[[-163.7080890427626,25.30648219357492]]},{"type":"AddLine","points":[[-165.390264290034,25.99506519228103]]},{"type":"AddLine","points":[[-167.0139722884937,26.81363616431456]]},{"type":"AddLine","points":[[-168.6376801113224,27.63220704780608]]},{"type":"AddLine","points":[[-170.2613882854129,28.45077810838162]]},{"type":"AddLine","points":[[-171.8850961082417,29.26934899187314]]},{"type":"AddLine","points":[[-173.5088039310704,30.08791987536466]]},{"type":"AddLine","points":[[-175.1325124564228,30.90649111302422]]},{"type":"AddLine","points":[[-176.7562202792515,31.72506199651574]]},{"type":"AddLine","points":[[-178.2959840905021,32.68984472012054]]},{"type":"AddLine","points":[[-179.8215370619046,33.67937680570331]]},{"type":"AddLine","points":[[-181.3470901858369,34.66890899022268]]},{"type":"AddLine","points":[[-182.8726433097691,35.65844117474203]]},{"type":"AddLine","points":[[-184.3981967387607,36.64797355713454]]},{"type":"AddLine","points":[[-185.9237495576336,37.63750554378074]]},{"type":"AddLine","points":[[-187.4275681965296,38.65599588960221]]},{"type":"AddLine","points":[[-188.8037046972167,39.84458083563104]]},{"type":"AddLine","points":[[-190.1798414184375,41.03316597213742]]},{"type":"AddLine","points":[[-191.5559778876198,42.22175089095516]]},{"type":"AddLine","points":[[-192.9321146088406,43.41033602746155]]},{"type":"AddLine","points":[[-194.3082508259843,44.59892072859067]]},{"type":"AddLine","points":[[-195.6843875472051,45.78750586509705]]}],"property":"position","beginTime":0.5,"fillMode":"both","duration":2.5}],"layers":[],"initialState":{"affineTransform":[1,0,0,1,0,0],"masksToBounds":false,"rotation":0,"scale":1,"position":{"pointX":24.99999965982613,"pointY":26.99999976158142},"width":60,"sublayerTransform":[1,0,0,0,0,1,0,0,0,0,1,0,0,0,0,1],"contentsRect":{"y":0,"x":0,"width":1,"height":1},"opacity":1,"edgeAntialiasingMask":0,"height":64,"hidden":false,"anchorPoint":{"pointX":0.5,"pointY":0.5}},"texture":"B3AD4107A9737E20FDBE78E78D22C444"}]},"effects":[{"beginTime":0,"baseLayer":{"animations":[],"initialState":{"affineTransform":[1,0,0,1,0,0],"masksToBounds":false,"rotation":0,"scale":1,"position":{"pointX":391.3156136862469,"pointY":305.7875062297302},"width":50.00000110620863,"sublayerTransform":[1,0,0,0,0,1,0,0,0,0,1,0,0,0,0,1],"contentsRect":{"y":0,"x":0,"width":1,"height":1},"opacity":1,"edgeAntialiasingMask":15,"height":53.9999997755919,"hidden":false,"anchorPoint":{"pointX":0.5,"pointY":0.5}},"objectID":"0B5B91A3-B46C-4183-B766-F3ACCAFD2440","layers":[{"animations":[],"initialState":{"affineTransform":[1,0,0,1,0,0],"masksToBounds":false,"rotation":0,"scale":1,"position":{"pointX":273.6843868668574,"pointY":81.2124936580658},"width":50.00000110620863,"sublayerTransform":[1,0,0,0,0,1,0,0,0,0,1,-0.0005251186870016398,0,0,0,1],"contentsRect":{"y":0,"x":0,"width":1,"height":1},"opacity":1,"edgeAntialiasingMask":15,"height":53.9999997755919,"hidden":false,"anchorPoint":{"pointX":5.473687616236338,"pointY":1.50393507399187}},"layers":[{"animations":[{"repeatCount":0,"animations":[{"from":{"scalar":1},"beginTime":0,"repeatCount":0,"fillMode":"both","property":"opacity","duration":0.5,"timingFunction":"easeInEaseOut","to":{"scalar":0}}],"beginTime":1e-100,"fillMode":"both","duration":0.5}],"layers":[],"initialState":{"affineTransform":[1,0,0,1,0,0],"masksToBounds":false,"rotation":0,"scale":1,"position":{"pointX":24.99999965982613,"pointY":26.99999976158142},"width":60,"sublayerTransform":[1,0,0,0,0,1,0,0,0,0,1,0,0,0,0,1],"contentsRect":{"y":0,"x":0,"width":1,"height":1},"opacity":1,"edgeAntialiasingMask":0,"height":64,"hidden":false,"anchorPoint":{"pointX":0.5,"pointY":0.5}},"texture":"B3AD4107A9737E20FDBE78E78D22C444"}]}]},"effects":[],"duration":0.5,"type":"buildOut","name":"apple:dissolve character","objectID":"0B5B91A3-B46C-4183-B766-F3ACCAFD2440"}],"duration":2.5,"type":"actionBuild","name":"apple:action-motion-path","objectID":"0B5B91A3-B46C-4183-B766-F3ACCAFD2440"}],"duration":0.5,"type":"buildIn","name":"apple:dissolve character","objectID":"0B5B91A3-B46C-4183-B766-F3ACCAFD2440"}],"automaticPlay":false,"hyperlinks":[],"accessibility":[{"text":"1000px-KAUST_Logo.svg.png","targetRectangle":{"y":16,"x":1198.996459960938,"width":65,"height":64.10344696044922}},{"text":"Offshore Operations in the GoM","targetRectangle":{"y":17,"x":39,"width":763.5,"height":69.38043212890625}},{"text":"￼","targetRectangle":{"y":691,"x":1253.5,"width":11.11999999999989,"height":23.46014404296875}},{"text":"map.png","targetRectangle":{"y":120.4042358398438,"x":263,"width":752,"height":568}},{"text":"Thomas Höllt  //  Ovis: A Framework for Visual Analysis of Ocean Forecast Ensembles  // 13th Jan 2015 //   ","targetRectangle":{"y":691,"x":391.6400000000004,"width":869.0399999999994,"height":23.46014404296875}},{"text":"GMSV-Review-Example-16by9.png","targetRectangle":{"y":-1,"x":0,"width":1280,"height":121}}],"baseLayer":{"animations":[],"initialState":{"affineTransform":[1,0,0,1,0,0],"masksToBounds":true,"rotation":0,"scale":1,"position":{"pointX":640,"pointY":360},"width":1280,"sublayerTransform":[1,0,0,0,0,1,0,0,0,0,1,0,0,0,0,1],"contentsRect":{"y":0,"x":0,"width":1,"height":1},"opacity":1,"edgeAntialiasingMask":0,"height":720,"hidden":false,"anchorPoint":{"pointX":0.5,"pointY":0.5}},"layers":[{"animations":[],"initialState":{"affineTransform":[1,0,0,1,0,0],"masksToBounds":false,"rotation":0,"scale":1,"position":{"pointX":640,"pointY":360},"width":1280,"sublayerTransform":[1,0,0,0,0,1,0,0,0,0,1,0,0,0,0,1],"contentsRect":{"y":0,"x":0,"width":1,"height":1},"opacity":1,"edgeAntialiasingMask":15,"height":720,"hidden":false,"anchorPoint":{"pointX":0.5,"pointY":0.5}},"layers":[{"animations":[],"initialState":{"affineTransform":[1,0,0,1,0,0],"masksToBounds":false,"rotation":0,"scale":1,"position":{"pointX":640,"pointY":360},"width":1280,"sublayerTransform":[1,0,0,0,0,1,0,0,0,0,1,0,0,0,0,1],"contentsRect":{"y":0,"x":0,"width":1,"height":1},"opacity":1,"edgeAntialiasingMask":15,"height":720,"hidden":false,"anchorPoint":{"pointX":0.5,"pointY":0.5}},"layers":[{"animations":[],"layers":[],"initialState":{"affineTransform":[1,0,0,1,0,0],"masksToBounds":false,"rotation":0,"scale":1,"position":{"pointX":640,"pointY":360},"width":1280,"sublayerTransform":[1,0,0,0,0,1,0,0,0,0,1,0,0,0,0,1],"contentsRect":{"y":0,"x":0,"width":1,"height":1},"opacity":1,"edgeAntialiasingMask":0,"height":720,"hidden":false,"anchorPoint":{"pointX":0.5,"pointY":0.5}},"texture":"73FBF9D3D9D3E7A751916EA8CE9D78F7"}]}]},{"animations":[],"initialState":{"affineTransform":[1,0,0,1,0,0],"masksToBounds":false,"rotation":0,"scale":1,"position":{"pointX":640,"pointY":360},"width":1280,"sublayerTransform":[1,0,0,0,0,1,0,0,0,0,1,0,0,0,0,1],"contentsRect":{"y":0,"x":0,"width":1,"height":1},"opacity":1,"edgeAntialiasingMask":15,"height":720,"hidden":false,"anchorPoint":{"pointX":0.5,"pointY":0.5}},"layers":[{"animations":[],"initialState":{"affineTransform":[1,0,0,1,0,0],"masksToBounds":false,"rotation":0,"scale":1,"position":{"pointX":640,"pointY":59.5},"width":1280,"sublayerTransform":[1,0,0,0,0,1,0,0,0,0,1,0,0,0,0,1],"contentsRect":{"y":0,"x":0,"width":1,"height":1},"opacity":1,"edgeAntialiasingMask":15,"height":121,"hidden":false,"anchorPoint":{"pointX":0.5,"pointY":0.5}},"objectID":"078E0FF4-F211-4DB4-B723-85DF8047D1FA","layers":[{"animations":[],"layers":[],"initialState":{"affineTransform":[1,0,0,1,0,0],"masksToBounds":false,"rotation":0,"scale":1,"position":{"pointX":640,"pointY":60.5},"width":1462,"sublayerTransform":[1,0,0,0,0,1,0,0,0,0,1,0,0,0,0,1],"contentsRect":{"y":0,"x":0,"width":1,"height":1},"opacity":1,"edgeAntialiasingMask":0,"height":303,"hidden":false,"anchorPoint":{"pointX":0.5,"pointY":0.5}},"texture":"644C434DD699FD272341E53EE353E0B8"}]}]},{"animations":[],"initialState":{"affineTransform":[1,0,0,1,0,0],"masksToBounds":false,"rotation":0,"scale":1,"position":{"pointX":640,"pointY":360},"width":1280,"sublayerTransform":[1,0,0,0,0,1,0,0,0,0,1,0,0,0,0,1],"contentsRect":{"y":0,"x":0,"width":1,"height":1},"opacity":1,"edgeAntialiasingMask":15,"height":720,"hidden":false,"anchorPoint":{"pointX":0.5,"pointY":0.5}},"layers":[{"animations":[],"initialState":{"affineTransform":[1,0,0,1,0,0],"masksToBounds":false,"rotation":0,"scale":1,"position":{"pointX":1231.496459960938,"pointY":48.05172348022461},"width":65,"sublayerTransform":[1,0,0,0,0,1,0,0,0,0,1,0,0,0,0,1],"contentsRect":{"y":0,"x":0,"width":1,"height":1},"opacity":1,"edgeAntialiasingMask":15,"height":64.10344696044922,"hidden":false,"anchorPoint":{"pointX":0.5,"pointY":0.5}},"objectID":"222ECC80-B172-4292-8D7B-88FAA58890F3","layers":[{"animations":[],"layers":[],"initialState":{"affineTransform":[1,0,0,1,0,0],"masksToBounds":false,"rotation":0,"scale":1,"position":{"pointX":32.0035400390625,"pointY":32.5},"width":68,"sublayerTransform":[1,0,0,0,0,1,0,0,0,0,1,0,0,0,0,1],"contentsRect":{"y":0,"x":0,"width":1,"height":1},"opacity":1,"edgeAntialiasingMask":0,"height":67,"hidden":false,"anchorPoint":{"pointX":0.5,"pointY":0.5}},"texture":"2CA2FBB4541AB81EC785B18D7ED7BEA0"}]}]},{"animations":[],"initialState":{"affineTransform":[1,0,0,1,0,0],"masksToBounds":false,"rotation":0,"scale":1,"position":{"pointX":640,"pointY":360},"width":1280,"sublayerTransform":[1,0,0,0,0,1,0,0,0,0,1,0,0,0,0,1],"contentsRect":{"y":0,"x":0,"width":1,"height":1},"opacity":1,"edgeAntialiasingMask":15,"height":720,"hidden":false,"anchorPoint":{"pointX":0.5,"pointY":0.5}},"layers":[{"animations":[],"initialState":{"affineTransform":[1,0,0,1,0,0],"masksToBounds":false,"rotation":0,"scale":1,"position":{"pointX":624,"pointY":703},"width":1248,"sublayerTransform":[1,0,0,0,0,1,0,0,0,0,1,0,0,0,0,1],"contentsRect":{"y":0,"x":0,"width":1,"height":1},"opacity":1,"edgeAntialiasingMask":15,"height":32,"hidden":false,"anchorPoint":{"pointX":0.5,"pointY":0.5}},"objectID":"6CAE889C-7430-463D-AA5E-766025C22742","layers":[{"animations":[],"layers":[],"initialState":{"affineTransform":[1,0,0,1,0,0],"masksToBounds":false,"rotation":0,"scale":1,"position":{"pointX":823.5,"pointY":17.5},"width":867,"sublayerTransform":[1,0,0,0,0,1,0,0,0,0,1,0,0,0,0,1],"contentsRect":{"y":0,"x":0,"width":1,"height":1},"opacity":1,"edgeAntialiasingMask":0,"height":21,"hidden":false,"anchorPoint":{"pointX":0.5,"pointY":0.5}},"texture":"55278D95A73D15106F1837F58D8765B7"}]}]},{"animations":[],"initialState":{"affineTransform":[1,0,0,1,0,0],"masksToBounds":false,"rotation":0,"scale":1,"position":{"pointX":640,"pointY":360},"width":1280,"sublayerTransform":[1,0,0,0,0,1,0,0,0,0,1,0,0,0,0,1],"contentsRect":{"y":0,"x":0,"width":1,"height":1},"opacity":1,"edgeAntialiasingMask":15,"height":720,"hidden":false,"anchorPoint":{"pointX":0.5,"pointY":0.5}},"layers":[{"animations":[],"initialState":{"affineTransform":[1,0,0,1,0,0],"masksToBounds":false,"rotation":0,"scale":1,"position":{"pointX":603,"pointY":51.5},"width":1136,"sublayerTransform":[1,0,0,0,0,1,0,0,0,0,1,0,0,0,0,1],"contentsRect":{"y":0,"x":0,"width":1,"height":1},"opacity":1,"edgeAntialiasingMask":15,"height":83,"hidden":false,"anchorPoint":{"pointX":0.5,"pointY":0.5}},"objectID":"AF037613-1A42-49E3-A905-6ECE4909446C","layers":[{"animations":[],"layers":[],"initialState":{"affineTransform":[1,0,0,1,0,0],"masksToBounds":false,"rotation":0,"scale":1,"position":{"pointX":385,"pointY":47},"width":762,"sublayerTransform":[1,0,0,0,0,1,0,0,0,0,1,0,0,0,0,1],"contentsRect":{"y":0,"x":0,"width":1,"height":1},"opacity":1,"edgeAntialiasingMask":0,"height":58,"hidden":false,"anchorPoint":{"pointX":0.5,"pointY":0.5}},"texture":"31AC1C420B85B6764E49116394C4A1B8"}]}]},{"animations":[],"initialState":{"affineTransform":[1,0,0,1,0,0],"masksToBounds":false,"rotation":0,"scale":1,"position":{"pointX":640,"pointY":360},"width":1280,"sublayerTransform":[1,0,0,0,0,1,0,0,0,0,1,0,0,0,0,1],"contentsRect":{"y":0,"x":0,"width":1,"height":1},"opacity":1,"edgeAntialiasingMask":15,"height":720,"hidden":false,"anchorPoint":{"pointX":0.5,"pointY":0.5}},"layers":[{"animations":[],"initialState":{"affineTransform":[1,0,0,1,0,0],"masksToBounds":false,"rotation":0,"scale":1,"position":{"pointX":1265.119995117188,"pointY":702.7300718426704},"width":31.239990234375,"sublayerTransform":[1,0,0,0,0,1,0,0,0,0,1,0,0,0,0,1],"contentsRect":{"y":0,"x":0,"width":1,"height":1},"opacity":1,"edgeAntialiasingMask":15,"height":31.46014368534088,"hidden":false,"anchorPoint":{"pointX":0.5,"pointY":0.5}},"objectID":"11445EBB-44C5-48A5-B80A-8D09BB1E0C93","layers":[{"animations":[],"layers":[],"initialState":{"affineTransform":[1,0,0,1,0,0],"masksToBounds":false,"rotation":0,"scale":1,"position":{"pointX":9.5,"pointY":16.5},"width":14,"sublayerTransform":[1,0,0,0,0,1,0,0,0,0,1,0,0,0,0,1],"contentsRect":{"y":0,"x":0,"width":1,"height":1},"opacity":1,"edgeAntialiasingMask":0,"height":17,"hidden":false,"anchorPoint":{"pointX":0.5,"pointY":0.5}},"texture":"EF7957817BDBB264FC60FCD15222C418"}]}]},{"animations":[],"initialState":{"affineTransform":[1,0,0,1,0,0],"masksToBounds":false,"rotation":0,"scale":1,"position":{"pointX":640,"pointY":360},"width":1280,"sublayerTransform":[1,0,0,0,0,1,0,0,0,0,1,0,0,0,0,1],"contentsRect":{"y":0,"x":0,"width":1,"height":1},"opacity":1,"edgeAntialiasingMask":15,"height":720,"hidden":false,"anchorPoint":{"pointX":0.5,"pointY":0.5}},"layers":[{"animations":[],"initialState":{"affineTransform":[1,0,0,1,0,0],"masksToBounds":false,"rotation":0,"scale":1,"position":{"pointX":639,"pointY":404.4042358398438},"width":752,"sublayerTransform":[1,0,0,0,0,1,0,0,0,0,1,0,0,0,0,1],"contentsRect":{"y":0,"x":0,"width":1,"height":1},"opacity":1,"edgeAntialiasingMask":15,"height":568,"hidden":false,"anchorPoint":{"pointX":0.5,"pointY":0.5}},"objectID":"A163311D-E083-4706-8E70-2EDDD8E52FD6","layers":[{"animations":[],"layers":[],"initialState":{"affineTransform":[1,0,0,1,0,0],"masksToBounds":false,"rotation":0,"scale":1,"position":{"pointX":376,"pointY":284.0957641601562},"width":754,"sublayerTransform":[1,0,0,0,0,1,0,0,0,0,1,0,0,0,0,1],"contentsRect":{"y":0,"x":0,"width":1,"height":1},"opacity":1,"edgeAntialiasingMask":0,"height":571,"hidden":false,"anchorPoint":{"pointX":0.5,"pointY":0.5}},"texture":"D7836C07504B9E2F439B72D2E4AC8090"}]}]},{"animations":[],"initialState":{"affineTransform":[1,0,0,1,0,0],"masksToBounds":false,"rotation":0,"scale":1,"position":{"pointX":640,"pointY":360},"width":1280,"sublayerTransform":[1,0,0,0,0,1,0,0,0,0,1,0,0,0,0,1],"contentsRect":{"y":0,"x":0,"width":1,"height":1},"opacity":1,"edgeAntialiasingMask":15,"height":720,"hidden":false,"anchorPoint":{"pointX":0.5,"pointY":0.5}},"layers":[{"animations":[],"initialState":{"affineTransform":[1,0,0,1,0,0],"masksToBounds":false,"rotation":0,"scale":1,"position":{"pointX":672.9714413207059,"pointY":334.5363027391315},"width":182.3664187281302,"sublayerTransform":[1,0,0,0,0,1,0,0,0,0,1,0,0,0,0,1],"contentsRect":{"y":0,"x":0,"width":1,"height":1},"opacity":1,"edgeAntialiasingMask":15,"height":158.6483919966898,"hidden":false,"anchorPoint":{"pointX":0.5,"pointY":0.5}},"objectID":"2454C98E-A485-4EB4-B49F-548A2656F678","layers":[{"animations":[],"layers":[],"initialState":{"affineTransform":[1,0,0,1,0,0],"masksToBounds":false,"rotation":0,"scale":1,"position":{"pointX":91.21176804335914,"pointY":79.28789325921338},"width":192,"sublayerTransform":[1,0,0,0,0,1,0,0,0,0,1,0,0,0,0,1],"contentsRect":{"y":0,"x":0,"width":1,"height":1},"opacity":1,"edgeAntialiasingMask":0,"height":169,"hidden":false,"anchorPoint":{"pointX":0.5,"pointY":0.5}},"texture":"B6F03DE8D060E91D895B6C8E22DAA0DA"}]}]},{"animations":[],"initialState":{"affineTransform":[1,0,0,1,0,0],"masksToBounds":false,"rotation":0,"scale":1,"position":{"pointX":640,"pointY":360},"width":1280,"sublayerTransform":[1,0,0,0,0,1,0,0,0,0,1,0,0,0,0,1],"contentsRect":{"y":0,"x":0,"width":1,"height":1},"opacity":1,"edgeAntialiasingMask":15,"height":720,"hidden":false,"anchorPoint":{"pointX":0.5,"pointY":0.5}},"layers":[{"animations":[],"initialState":{"affineTransform":[1,0,0,1,0,0],"masksToBounds":false,"rotation":0,"scale":1,"position":{"pointX":612.0000008932782,"pointY":287.0000001262146},"width":50.00000110620863,"sublayerTransform":[1,0,0,0,0,1,0,0,0,0,1,0,0,0,0,1],"contentsRect":{"y":0,"x":0,"width":1,"height":1},"opacity":1,"edgeAntialiasingMask":15,"height":53.9999997755919,"hidden":false,"anchorPoint":{"pointX":0.5,"pointY":0.5}},"objectID":"0B5B91A3-B46C-4183-B766-F3ACCAFD2440","layers":[{"animations":[],"layers":[],"initialState":{"affineTransform":[1,0,0,1,0,0],"masksToBounds":false,"rotation":0,"scale":1,"position":{"pointX":24.99999965982613,"pointY":26.99999976158142},"width":60,"sublayerTransform":[1,0,0,0,0,1,0,0,0,0,1,0,0,0,0,1],"contentsRect":{"y":0,"x":0,"width":1,"height":1},"opacity":1,"edgeAntialiasingMask":0,"height":64,"hidden":true,"anchorPoint":{"pointX":0.5,"pointY":0.5}},"texture":"B3AD4107A9737E20FDBE78E78D22C444"}]}]}]}},{"effects":[{"beginTime":0,"baseLayer":{"animations":[],"initialState":{"affineTransform":[1,0,0,1,0,0],"masksToBounds":true,"rotation":0,"scale":1,"position":{"pointX":640,"pointY":360},"width":1280,"sublayerTransform":[1,0,0,0,0,1,0,0,0,0,1,0,0,0,0,1],"contentsRect":{"y":0,"x":0,"width":1,"height":1},"opacity":1,"edgeAntialiasingMask":0,"height":720,"hidden":false,"anchorPoint":{"pointX":0.5,"pointY":0.5}},"objectID":"0","layers":[{"animations":[],"initialState":{"affineTransform":[1,0,0,1,0,0],"masksToBounds":false,"rotation":0,"scale":1,"position":{"pointX":640,"pointY":360},"width":1280,"sublayerTransform":[1,0,0,0,0,1,0,0,0,0,1,-0.0005251186870016398,0,0,0,1],"contentsRect":{"y":0,"x":0,"width":1,"height":1},"opacity":1,"edgeAntialiasingMask":15,"height":720,"hidden":false,"anchorPoint":{"pointX":0.5,"pointY":0.5}},"layers":[{"animations":[],"layers":[],"initialState":{"affineTransform":[1,0,0,1,0,0],"masksToBounds":false,"rotation":0,"scale":1,"position":{"pointX":640,"pointY":360},"width":1280,"sublayerTransform":[1,0,0,0,0,1,0,0,0,0,1,0,0,0,0,1],"contentsRect":{"y":0,"x":0,"width":1,"height":1},"opacity":1,"edgeAntialiasingMask":0,"height":720,"hidden":false,"anchorPoint":{"pointX":0.5,"pointY":0.5}},"texture":"9D42FBC0A9406A3265C309CC1505505E"},{"animations":[{"from":{"scalar":false},"beginTime":0,"repeatCount":0,"fillMode":"both","property":"hidden","duration":0.01,"to":{"scalar":true}}],"layers":[],"initialState":{"affineTransform":[1,0,0,1,0,0],"masksToBounds":false,"rotation":0,"scale":1,"position":{"pointX":640,"pointY":360},"width":1280,"sublayerTransform":[1,0,0,0,0,1,0,0,0,0,1,0,0,0,0,1],"contentsRect":{"y":0,"x":0,"width":1,"height":1},"opacity":1,"edgeAntialiasingMask":0,"height":720,"hidden":false,"anchorPoint":{"pointX":0.5,"pointY":0.5}},"texture":"ED0F72947EF775659E3FE4A9A8941549"}]}]},"effects":[],"duration":0.01,"type":"transition","name":"none","objectID":"0"}],"automaticPlay":false,"hyperlinks":[],"accessibility":[{"text":"1000px-KAUST_Logo.svg.png","targetRectangle":{"y":16,"x":1198.996459960938,"width":65,"height":64.10344696044922}},{"text":"Offshore Operations in the GoM","targetRectangle":{"y":17,"x":39,"width":763.5,"height":69.38043212890625}},{"text":"￼","targetRectangle":{"y":691,"x":1253.5,"width":11.11999999999989,"height":23.46014404296875}},{"text":"map.png","targetRectangle":{"y":120.4042358398438,"x":263,"width":752,"height":568}},{"text":"Thomas Höllt  //  Ovis: A Framework for Visual Analysis of Ocean Forecast Ensembles  // 13th Jan 2015 //   ","targetRectangle":{"y":691,"x":391.6400000000004,"width":869.0399999999994,"height":23.46014404296875}},{"text":"GMSV-Review-Example-16by9.png","targetRectangle":{"y":-1,"x":0,"width":1280,"height":121}}],"baseLayer":{"animations":[],"initialState":{"affineTransform":[1,0,0,1,0,0],"masksToBounds":true,"rotation":0,"scale":1,"position":{"pointX":640,"pointY":360},"width":1280,"sublayerTransform":[1,0,0,0,0,1,0,0,0,0,1,0,0,0,0,1],"contentsRect":{"y":0,"x":0,"width":1,"height":1},"opacity":1,"edgeAntialiasingMask":0,"height":720,"hidden":false,"anchorPoint":{"pointX":0.5,"pointY":0.5}},"objectID":"0","layers":[{"animations":[],"initialState":{"affineTransform":[1,0,0,1,0,0],"masksToBounds":false,"rotation":0,"scale":1,"position":{"pointX":640,"pointY":360},"width":1280,"sublayerTransform":[1,0,0,0,0,1,0,0,0,0,1,-0.0005251186870016398,0,0,0,1],"contentsRect":{"y":0,"x":0,"width":1,"height":1},"opacity":1,"edgeAntialiasingMask":15,"height":720,"hidden":false,"anchorPoint":{"pointX":0.5,"pointY":0.5}},"layers":[{"animations":[],"layers":[],"initialState":{"affineTransform":[1,0,0,1,0,0],"masksToBounds":false,"rotation":0,"scale":1,"position":{"pointX":640,"pointY":360},"width":1280,"sublayerTransform":[1,0,0,0,0,1,0,0,0,0,1,0,0,0,0,1],"contentsRect":{"y":0,"x":0,"width":1,"height":1},"opacity":1,"edgeAntialiasingMask":0,"height":720,"hidden":false,"anchorPoint":{"pointX":0.5,"pointY":0.5}},"texture":"ED0F72947EF775659E3FE4A9A8941549"}]}]}}]}