{"assets":{"3D62A090ADF70A82E9DFD1D027D9D95E":{"type":"texture","index":4,"assetRequest":{"type":"slide","state":"outgoing","slide":"2A1E5B07-E499-4162-889D-A21532BDC5CD"},"url":"assets/3D62A090ADF70A82E9DFD1D027D9D95E.svg","width":1280,"height":720},"E4CBA7B17A6824CBC73CC34069BD8AF5":{"type":"texture","index":5,"assetRequest":{"type":"slide","state":"incoming","slide":"28A1E492-2EC9-4A4B-9C43-850FF5421288"},"url":"assets/E4CBA7B17A6824CBC73CC34069BD8AF5.svg","width":1280,"height":720}},"events":[{"effects":[{"beginTime":0,"baseLayer":{"animations":[],"initialState":{"affineTransform":[1,0,0,1,0,0],"masksToBounds":true,"rotation":0,"scale":1,"position":{"pointX":640,"pointY":360},"width":1280,"sublayerTransform":[1,0,0,0,0,1,0,0,0,0,1,0,0,0,0,1],"contentsRect":{"y":0,"x":0,"width":1,"height":1},"opacity":1,"edgeAntialiasingMask":0,"height":720,"hidden":false,"anchorPoint":{"pointX":0.5,"pointY":0.5}},"objectID":"0","layers":[{"animations":[],"initialState":{"affineTransform":[1,0,0,1,0,0],"masksToBounds":false,"rotation":0,"scale":1,"position":{"pointX":640,"pointY":360},"width":1280,"sublayerTransform":[1,0,0,0,0,1,0,0,0,0,1,-0.0005251186870016398,0,0,0,1],"contentsRect":{"y":0,"x":0,"width":1,"height":1},"opacity":1,"edgeAntialiasingMask":15,"height":720,"hidden":false,"anchorPoint":{"pointX":0.5,"pointY":0.5}},"layers":[{"animations":[],"layers":[],"initialState":{"affineTransform":[1,0,0,1,0,0],"masksToBounds":false,"rotation":0,"scale":1,"position":{"pointX":640,"pointY":360},"width":1280,"sublayerTransform":[1,0,0,0,0,1,0,0,0,0,1,0,0,0,0,1],"contentsRect":{"y":0,"x":0,"width":1,"height":1},"opacity":1,"edgeAntialiasingMask":0,"height":720,"hidden":false,"anchorPoint":{"pointX":0.5,"pointY":0.5}},"texture":"E4CBA7B17A6824CBC73CC34069BD8AF5"},{"animations":[{"from":{"scalar":false},"beginTime":0,"repeatCount":0,"fillMode":"both","property":"hidden","duration":0.01,"to":{"scalar":true}}],"layers":[],"initialState":{"affineTransform":[1,0,0,1,0,0],"masksToBounds":false,"rotation":0,"scale":1,"position":{"pointX":640,"pointY":360},"width":1280,"sublayerTransform":[1,0,0,0,0,1,0,0,0,0,1,0,0,0,0,1],"contentsRect":{"y":0,"x":0,"width":1,"height":1},"opacity":1,"edgeAntialiasingMask":0,"height":720,"hidden":false,"anchorPoint":{"pointX":0.5,"pointY":0.5}},"texture":"3D62A090ADF70A82E9DFD1D027D9D95E"}]}]},"effects":[],"duration":0.01,"type":"transition","name":"none","objectID":"0"}],"automaticPlay":false,"hyperlinks":[],"accessibility":[{"text":"RS_App.png","targetRectangle":{"y":351.1502785682678,"x":385.1703157424927,"width":856.658108446165,"height":314.71875}},{"text":"1000px-KAUST_Logo.svg.png","targetRectangle":{"y":16,"x":1198.996459960938,"width":65,"height":64.10344696044922}},{"text":"Visualization of ocean forecasts","targetRectangle":{"y":172,"x":63.00000059604645,"width":419.458,"height":55.54112243652344}},{"text":"Based on ensemble simulation","targetRectangle":{"y":228.4588775634766,"x":93.00000059604645,"width":415.65,"height":55.54112243652344}},{"text":"Uncertainty in model or starting condition ➫ variation in simulation results","targetRectangle":{"y":284.9177551269531,"x":93.00000059604645,"width":969.8903749999999,"height":39.08224487304688}},{"text":"GMSV-Review-Example-16by9.png","targetRectangle":{"y":-1,"x":0,"width":1280,"height":121}},{"text":"￼","targetRectangle":{"y":691,"x":1253.5,"width":11.11999999999989,"height":23.46014404296875}},{"text":"Ovis","targetRectangle":{"y":17,"x":39,"width":103.26,"height":69.38043212890625}},{"text":"Thomas Höllt  //  Ovis: A Framework for Visual Analysis of Ocean Forecast Ensembles  // 13th Jan 2015 //   ","targetRectangle":{"y":691,"x":391.6400000000004,"width":869.0399999999994,"height":23.46014404296875}}],"baseLayer":{"animations":[],"initialState":{"affineTransform":[1,0,0,1,0,0],"masksToBounds":true,"rotation":0,"scale":1,"position":{"pointX":640,"pointY":360},"width":1280,"sublayerTransform":[1,0,0,0,0,1,0,0,0,0,1,0,0,0,0,1],"contentsRect":{"y":0,"x":0,"width":1,"height":1},"opacity":1,"edgeAntialiasingMask":0,"height":720,"hidden":false,"anchorPoint":{"pointX":0.5,"pointY":0.5}},"objectID":"0","layers":[{"animations":[],"initialState":{"affineTransform":[1,0,0,1,0,0],"masksToBounds":false,"rotation":0,"scale":1,"position":{"pointX":640,"pointY":360},"width":1280,"sublayerTransform":[1,0,0,0,0,1,0,0,0,0,1,-0.0005251186870016398,0,0,0,1],"contentsRect":{"y":0,"x":0,"width":1,"height":1},"opacity":1,"edgeAntialiasingMask":15,"height":720,"hidden":false,"anchorPoint":{"pointX":0.5,"pointY":0.5}},"layers":[{"animations":[],"layers":[],"initialState":{"affineTransform":[1,0,0,1,0,0],"masksToBounds":false,"rotation":0,"scale":1,"position":{"pointX":640,"pointY":360},"width":1280,"sublayerTransform":[1,0,0,0,0,1,0,0,0,0,1,0,0,0,0,1],"contentsRect":{"y":0,"x":0,"width":1,"height":1},"opacity":1,"edgeAntialiasingMask":0,"height":720,"hidden":false,"anchorPoint":{"pointX":0.5,"pointY":0.5}},"texture":"3D62A090ADF70A82E9DFD1D027D9D95E"}]}]}}]}