{"assets":{"73FBF9D3D9D3E7A751916EA8CE9D78F7":{"type":"texture","index":81,"assetRequest":{"type":"slide","state":"contents","slide":"EF8B5C68-EA8A-4168-9BC0-EF775D145AB1"},"url":"assets/73FBF9D3D9D3E7A751916EA8CE9D78F7.svg","width":1280,"height":720},"5C1645BEAE9B1193D6AA5FDF38B13CAC":{"type":"texture","index":85,"assetRequest":{"type":"slide","state":"contents","slide":"EF8B5C68-EA8A-4168-9BC0-EF775D145AB1"},"url":"assets/5C1645BEAE9B1193D6AA5FDF38B13CAC.svg","width":526,"height":57},"40B273DE0AE3A217E417B6519DB43023":{"type":"texture","index":92,"assetRequest":{"type":"slide","state":"incoming","slide":"EEBD781E-ED1C-4218-9711-5453105B6EC3"},"url":"assets/40B273DE0AE3A217E417B6519DB43023.svg","width":1280,"height":720},"2CA2FBB4541AB81EC785B18D7ED7BEA0":{"type":"texture","index":83,"assetRequest":{"type":"slide","state":"contents","slide":"EF8B5C68-EA8A-4168-9BC0-EF775D145AB1"},"url":"assets/2CA2FBB4541AB81EC785B18D7ED7BEA0.svg","width":68,"height":67},"8C6DBEC0B851FB4D8C384E03C657E0AA":{"type":"texture","index":89,"assetRequest":{"byGlyphStyle":0,"deliveryStyle":0,"chunkIndex":0,"type":"chunk","chunkCount":1,"stageIndex":0,"stageCount":1},"url":"assets/8C6DBEC0B851FB4D8C384E03C657E0AA.svg","width":1230,"height":418},"A7E659D1BC5CCAC75749BE31B927BCDD":{"type":"texture","index":86,"assetRequest":{"type":"slide","state":"contents","slide":"EF8B5C68-EA8A-4168-9BC0-EF775D145AB1"},"url":"assets/A7E659D1BC5CCAC75749BE31B927BCDD.svg","width":25,"height":17},"55278D95A73D15106F1837F58D8765B7":{"type":"texture","index":84,"assetRequest":{"type":"slide","state":"contents","slide":"EF8B5C68-EA8A-4168-9BC0-EF775D145AB1"},"url":"assets/55278D95A73D15106F1837F58D8765B7.svg","width":867,"height":21},"D8D65DDC7BC93AA06195DCA35B55F2B1":{"type":"texture","index":91,"assetRequest":{"type":"slide","state":"outgoing","slide":"EF8B5C68-EA8A-4168-9BC0-EF775D145AB1"},"url":"assets/D8D65DDC7BC93AA06195DCA35B55F2B1.svg","width":1280,"height":720},"5E9EFFEBCB20D6D495A09597A69520DF":{"type":"texture","index":87,"assetRequest":{"type":"slide","state":"contents","slide":"EF8B5C68-EA8A-4168-9BC0-EF775D145AB1"},"url":"assets/5E9EFFEBCB20D6D495A09597A69520DF.svg","width":1246,"height":438},"EBEAEEB04F3FFAD16656466B02C19661":{"url":"assets/EBEAEEB04F3FFAD16656466B02C19661.svg","height":415.5770874023438,"movie":"Fig10-424-833.m4v-0.0000-31.8578","width":1227.55078125,"type":"texture","assetRequest":{"byGlyphStyle":0,"deliveryStyle":0,"chunkIndex":0,"type":"chunk","chunkCount":1,"stageIndex":0,"stageCount":1},"index":90},"2086A2B9C264E3766CFFA2175F55B38E":{"type":"texture","index":88,"assetRequest":{"byGlyphStyle":0,"deliveryStyle":0,"chunkIndex":0,"type":"chunk","chunkCount":1,"stageIndex":0,"stageCount":1},"url":"assets/2086A2B9C264E3766CFFA2175F55B38E.svg","width":1243.55078125,"height":431.5770874023438},"644C434DD699FD272341E53EE353E0B8":{"type":"texture","index":82,"assetRequest":{"type":"slide","state":"contents","slide":"EF8B5C68-EA8A-4168-9BC0-EF775D145AB1"},"url":"assets/644C434DD699FD272341E53EE353E0B8.svg","width":1462,"height":303},"Fig10-424-833.m4v-0.0000-31.8578":{"type":"video","index":0,"assetRequest":{},"url":"assets/Fig10-424-833.m4v-0.0000-31.8578.m4v","width":1280,"height":433}},"events":[{"effects":[{"beginTime":0,"baseLayer":{"animations":[],"initialState":{"affineTransform":[1,0,0,1,0,0],"masksToBounds":false,"rotation":0,"scale":1,"position":{"pointX":640,"pointY":402},"width":1227.55078125,"sublayerTransform":[1,0,0,0,0,1,0,0,0,0,1,0,0,0,0,1],"contentsRect":{"y":0,"x":0,"width":1,"height":1},"opacity":1,"edgeAntialiasingMask":15,"height":415.5770874023438,"hidden":false,"anchorPoint":{"pointX":0.5,"pointY":0.5}},"objectID":"F97EEEE6-1D7A-4CBC-A9F9-E4D2AE1C145A","layers":[{"animations":[],"initialState":{"affineTransform":[1,0,0,1,0,0],"masksToBounds":false,"rotation":0,"scale":1,"position":{"pointX":613.775390625,"pointY":165.7885437011719},"width":1227.55078125,"sublayerTransform":[1,0,0,0,0,1,0,0,0,0,1,-0.0005251186870016398,0,0,0,1],"contentsRect":{"y":0,"x":0,"width":1,"height":1},"opacity":1,"edgeAntialiasingMask":15,"height":415.5770874023438,"hidden":false,"anchorPoint":{"pointX":0.5,"pointY":0.3989357178892362}},"layers":[{"animations":[{"repeatCount":0,"animations":[{"from":{"scalar":true},"beginTime":0,"repeatCount":0,"fillMode":"removed","property":"isPlaying","duration":0.01,"to":{"scalar":true}},{"from":{"scalar":false},"beginTime":0,"repeatCount":0,"fillMode":"removed","property":"hidden","duration":0.01,"to":{"scalar":false}}],"beginTime":1e-100,"fillMode":"both","duration":0.01}],"layers":[],"initialState":{"affineTransform":[1,0,0,1,0,0],"masksToBounds":false,"rotation":0,"scale":1,"position":{"pointX":613.775390625,"pointY":207.7885437011719},"width":1246,"sublayerTransform":[1,0,0,0,0,1,0,0,0,0,1,0,0,0,0,1],"contentsRect":{"y":0,"x":0,"width":1,"height":1},"opacity":1,"edgeAntialiasingMask":0,"height":438,"hidden":false,"anchorPoint":{"pointX":0.5,"pointY":0.5}},"texture":"5E9EFFEBCB20D6D495A09597A69520DF"}]}]},"effects":[{"beginTime":0,"baseLayer":{"animations":[],"initialState":{"affineTransform":[1,0,0,1,0,0],"masksToBounds":false,"rotation":0,"scale":1,"position":{"pointX":640,"pointY":402},"width":1227.55078125,"sublayerTransform":[1,0,0,0,0,1,0,0,0,0,1,0,0,0,0,1],"contentsRect":{"y":0,"x":0,"width":1,"height":1},"opacity":1,"edgeAntialiasingMask":15,"height":415.5770874023438,"hidden":false,"anchorPoint":{"pointX":0.5,"pointY":0.5}},"objectID":"F97EEEE6-1D7A-4CBC-A9F9-E4D2AE1C145A","layers":[{"animations":[],"layers":[],"initialState":{"affineTransform":[1,0,0,1,0,0],"masksToBounds":false,"rotation":0,"scale":1,"position":{"pointX":613.775390625,"pointY":209.7885437011719},"width":1243.55078125,"sublayerTransform":[1,0,0,0,0,1,0,0,0,0,1,0,0,0,0,1],"contentsRect":{"y":0,"x":0,"width":1,"height":1},"opacity":0.5,"edgeAntialiasingMask":0,"height":431.5770874023438,"hidden":false,"anchorPoint":{"pointX":0.5,"pointY":0.5}},"texture":"2086A2B9C264E3766CFFA2175F55B38E"},{"animations":[],"layers":[],"initialState":{"affineTransform":[1,0,0,1,0,0],"masksToBounds":false,"rotation":0,"scale":1,"position":{"pointX":613.775390625,"pointY":207.7885437011719},"width":1230,"sublayerTransform":[1,0,0,0,0,1,0,0,0,0,1,0,0,0,0,1],"contentsRect":{"y":0,"x":0,"width":1,"height":1},"opacity":1,"edgeAntialiasingMask":0,"height":418,"hidden":true,"anchorPoint":{"pointX":0.5,"pointY":0.5}},"texture":"8C6DBEC0B851FB4D8C384E03C657E0AA"},{"animations":[],"layers":[],"initialState":{"affineTransform":[1,0,0,1,0,0],"masksToBounds":false,"rotation":0,"scale":1,"position":{"pointX":613.775390625,"pointY":207.7885437011719},"width":1227.55078125,"sublayerTransform":[1,0,0,0,0,1,0,0,0,0,1,0,0,0,0,1],"contentsRect":{"y":0,"x":0,"width":1,"height":1},"opacity":1,"edgeAntialiasingMask":15,"height":415.5770874023438,"hidden":false,"anchorPoint":{"pointX":0.5,"pointY":0.5}},"texture":"EBEAEEB04F3FFAD16656466B02C19661"}]},"effects":[],"movie":{"startTime":0,"volume":1,"endTime":31.85777854919434,"isStreaming":false,"isAudioOnly":false,"asset":"Fig10-424-833.m4v-0.0000-31.8578"},"duration":0,"type":"buildIn","name":"renderMovie","objectID":"F97EEEE6-1D7A-4CBC-A9F9-E4D2AE1C145A"}],"duration":0.01,"type":"buildIn","name":"apple:movie-start","objectID":"F97EEEE6-1D7A-4CBC-A9F9-E4D2AE1C145A"}],"automaticPlay":false,"hyperlinks":[],"accessibility":[{"text":"GMSV-Review-Example-16by9.png","targetRectangle":{"y":-1,"x":0,"width":1280,"height":121}},{"text":"Interactive Path Editing","targetRectangle":{"y":17,"x":39,"width":529.9800000000001,"height":69.38043212890625}},{"text":"Thomas Höllt  //  Ovis: A Framework for Visual Analysis of Ocean Forecast Ensembles  // 13th Jan 2015 //   ","targetRectangle":{"y":691,"x":391.6400000000004,"width":869.0399999999994,"height":23.46014404296875}},{"text":"1000px-KAUST_Logo.svg.png","targetRectangle":{"y":16,"x":1198.996459960938,"width":65,"height":64.10344696044922}},{"text":"￼","targetRectangle":{"y":691,"x":1253.5,"width":22.24000000000001,"height":23.46014404296875}}],"baseLayer":{"animations":[],"initialState":{"affineTransform":[1,0,0,1,0,0],"masksToBounds":true,"rotation":0,"scale":1,"position":{"pointX":640,"pointY":360},"width":1280,"sublayerTransform":[1,0,0,0,0,1,0,0,0,0,1,0,0,0,0,1],"contentsRect":{"y":0,"x":0,"width":1,"height":1},"opacity":1,"edgeAntialiasingMask":0,"height":720,"hidden":false,"anchorPoint":{"pointX":0.5,"pointY":0.5}},"layers":[{"animations":[],"initialState":{"affineTransform":[1,0,0,1,0,0],"masksToBounds":false,"rotation":0,"scale":1,"position":{"pointX":640,"pointY":360},"width":1280,"sublayerTransform":[1,0,0,0,0,1,0,0,0,0,1,0,0,0,0,1],"contentsRect":{"y":0,"x":0,"width":1,"height":1},"opacity":1,"edgeAntialiasingMask":15,"height":720,"hidden":false,"anchorPoint":{"pointX":0.5,"pointY":0.5}},"layers":[{"animations":[],"initialState":{"affineTransform":[1,0,0,1,0,0],"masksToBounds":false,"rotation":0,"scale":1,"position":{"pointX":640,"pointY":360},"width":1280,"sublayerTransform":[1,0,0,0,0,1,0,0,0,0,1,0,0,0,0,1],"contentsRect":{"y":0,"x":0,"width":1,"height":1},"opacity":1,"edgeAntialiasingMask":15,"height":720,"hidden":false,"anchorPoint":{"pointX":0.5,"pointY":0.5}},"layers":[{"animations":[],"layers":[],"initialState":{"affineTransform":[1,0,0,1,0,0],"masksToBounds":false,"rotation":0,"scale":1,"position":{"pointX":640,"pointY":360},"width":1280,"sublayerTransform":[1,0,0,0,0,1,0,0,0,0,1,0,0,0,0,1],"contentsRect":{"y":0,"x":0,"width":1,"height":1},"opacity":1,"edgeAntialiasingMask":0,"height":720,"hidden":false,"anchorPoint":{"pointX":0.5,"pointY":0.5}},"texture":"73FBF9D3D9D3E7A751916EA8CE9D78F7"}]}]},{"animations":[],"initialState":{"affineTransform":[1,0,0,1,0,0],"masksToBounds":false,"rotation":0,"scale":1,"position":{"pointX":640,"pointY":360},"width":1280,"sublayerTransform":[1,0,0,0,0,1,0,0,0,0,1,0,0,0,0,1],"contentsRect":{"y":0,"x":0,"width":1,"height":1},"opacity":1,"edgeAntialiasingMask":15,"height":720,"hidden":false,"anchorPoint":{"pointX":0.5,"pointY":0.5}},"layers":[{"animations":[],"initialState":{"affineTransform":[1,0,0,1,0,0],"masksToBounds":false,"rotation":0,"scale":1,"position":{"pointX":640,"pointY":59.5},"width":1280,"sublayerTransform":[1,0,0,0,0,1,0,0,0,0,1,0,0,0,0,1],"contentsRect":{"y":0,"x":0,"width":1,"height":1},"opacity":1,"edgeAntialiasingMask":15,"height":121,"hidden":false,"anchorPoint":{"pointX":0.5,"pointY":0.5}},"objectID":"078E0FF4-F211-4DB4-B723-85DF8047D1FA","layers":[{"animations":[],"layers":[],"initialState":{"affineTransform":[1,0,0,1,0,0],"masksToBounds":false,"rotation":0,"scale":1,"position":{"pointX":640,"pointY":60.5},"width":1462,"sublayerTransform":[1,0,0,0,0,1,0,0,0,0,1,0,0,0,0,1],"contentsRect":{"y":0,"x":0,"width":1,"height":1},"opacity":1,"edgeAntialiasingMask":0,"height":303,"hidden":false,"anchorPoint":{"pointX":0.5,"pointY":0.5}},"texture":"644C434DD699FD272341E53EE353E0B8"}]}]},{"animations":[],"initialState":{"affineTransform":[1,0,0,1,0,0],"masksToBounds":false,"rotation":0,"scale":1,"position":{"pointX":640,"pointY":360},"width":1280,"sublayerTransform":[1,0,0,0,0,1,0,0,0,0,1,0,0,0,0,1],"contentsRect":{"y":0,"x":0,"width":1,"height":1},"opacity":1,"edgeAntialiasingMask":15,"height":720,"hidden":false,"anchorPoint":{"pointX":0.5,"pointY":0.5}},"layers":[{"animations":[],"initialState":{"affineTransform":[1,0,0,1,0,0],"masksToBounds":false,"rotation":0,"scale":1,"position":{"pointX":1231.496459960938,"pointY":48.05172348022461},"width":65,"sublayerTransform":[1,0,0,0,0,1,0,0,0,0,1,0,0,0,0,1],"contentsRect":{"y":0,"x":0,"width":1,"height":1},"opacity":1,"edgeAntialiasingMask":15,"height":64.10344696044922,"hidden":false,"anchorPoint":{"pointX":0.5,"pointY":0.5}},"objectID":"222ECC80-B172-4292-8D7B-88FAA58890F3","layers":[{"animations":[],"layers":[],"initialState":{"affineTransform":[1,0,0,1,0,0],"masksToBounds":false,"rotation":0,"scale":1,"position":{"pointX":32.0035400390625,"pointY":32.5},"width":68,"sublayerTransform":[1,0,0,0,0,1,0,0,0,0,1,0,0,0,0,1],"contentsRect":{"y":0,"x":0,"width":1,"height":1},"opacity":1,"edgeAntialiasingMask":0,"height":67,"hidden":false,"anchorPoint":{"pointX":0.5,"pointY":0.5}},"texture":"2CA2FBB4541AB81EC785B18D7ED7BEA0"}]}]},{"animations":[],"initialState":{"affineTransform":[1,0,0,1,0,0],"masksToBounds":false,"rotation":0,"scale":1,"position":{"pointX":640,"pointY":360},"width":1280,"sublayerTransform":[1,0,0,0,0,1,0,0,0,0,1,0,0,0,0,1],"contentsRect":{"y":0,"x":0,"width":1,"height":1},"opacity":1,"edgeAntialiasingMask":15,"height":720,"hidden":false,"anchorPoint":{"pointX":0.5,"pointY":0.5}},"layers":[{"animations":[],"initialState":{"affineTransform":[1,0,0,1,0,0],"masksToBounds":false,"rotation":0,"scale":1,"position":{"pointX":624,"pointY":703},"width":1248,"sublayerTransform":[1,0,0,0,0,1,0,0,0,0,1,0,0,0,0,1],"contentsRect":{"y":0,"x":0,"width":1,"height":1},"opacity":1,"edgeAntialiasingMask":15,"height":32,"hidden":false,"anchorPoint":{"pointX":0.5,"pointY":0.5}},"objectID":"6CAE889C-7430-463D-AA5E-766025C22742","layers":[{"animations":[],"layers":[],"initialState":{"affineTransform":[1,0,0,1,0,0],"masksToBounds":false,"rotation":0,"scale":1,"position":{"pointX":823.5,"pointY":17.5},"width":867,"sublayerTransform":[1,0,0,0,0,1,0,0,0,0,1,0,0,0,0,1],"contentsRect":{"y":0,"x":0,"width":1,"height":1},"opacity":1,"edgeAntialiasingMask":0,"height":21,"hidden":false,"anchorPoint":{"pointX":0.5,"pointY":0.5}},"texture":"55278D95A73D15106F1837F58D8765B7"}]}]},{"animations":[],"initialState":{"affineTransform":[1,0,0,1,0,0],"masksToBounds":false,"rotation":0,"scale":1,"position":{"pointX":640,"pointY":360},"width":1280,"sublayerTransform":[1,0,0,0,0,1,0,0,0,0,1,0,0,0,0,1],"contentsRect":{"y":0,"x":0,"width":1,"height":1},"opacity":1,"edgeAntialiasingMask":15,"height":720,"hidden":false,"anchorPoint":{"pointX":0.5,"pointY":0.5}},"layers":[{"animations":[],"initialState":{"affineTransform":[1,0,0,1,0,0],"masksToBounds":false,"rotation":0,"scale":1,"position":{"pointX":603,"pointY":51.5},"width":1136,"sublayerTransform":[1,0,0,0,0,1,0,0,0,0,1,0,0,0,0,1],"contentsRect":{"y":0,"x":0,"width":1,"height":1},"opacity":1,"edgeAntialiasingMask":15,"height":83,"hidden":false,"anchorPoint":{"pointX":0.5,"pointY":0.5}},"objectID":"CC97DA79-58ED-41BC-B674-3574941D0149","layers":[{"animations":[],"layers":[],"initialState":{"affineTransform":[1,0,0,1,0,0],"masksToBounds":false,"rotation":0,"scale":1,"position":{"pointX":269,"pointY":47.5},"width":526,"sublayerTransform":[1,0,0,0,0,1,0,0,0,0,1,0,0,0,0,1],"contentsRect":{"y":0,"x":0,"width":1,"height":1},"opacity":1,"edgeAntialiasingMask":0,"height":57,"hidden":false,"anchorPoint":{"pointX":0.5,"pointY":0.5}},"texture":"5C1645BEAE9B1193D6AA5FDF38B13CAC"}]}]},{"animations":[],"initialState":{"affineTransform":[1,0,0,1,0,0],"masksToBounds":false,"rotation":0,"scale":1,"position":{"pointX":640,"pointY":360},"width":1280,"sublayerTransform":[1,0,0,0,0,1,0,0,0,0,1,0,0,0,0,1],"contentsRect":{"y":0,"x":0,"width":1,"height":1},"opacity":1,"edgeAntialiasingMask":15,"height":720,"hidden":false,"anchorPoint":{"pointX":0.5,"pointY":0.5}},"layers":[{"animations":[],"initialState":{"affineTransform":[1,0,0,1,0,0],"masksToBounds":false,"rotation":0,"scale":1,"position":{"pointX":1265.120000703333,"pointY":702.7300718426704},"width":31.24000140666612,"sublayerTransform":[1,0,0,0,0,1,0,0,0,0,1,0,0,0,0,1],"contentsRect":{"y":0,"x":0,"width":1,"height":1},"opacity":1,"edgeAntialiasingMask":15,"height":31.46014368534088,"hidden":false,"anchorPoint":{"pointX":0.5,"pointY":0.5}},"objectID":"C0D2B8C6-8614-41BE-8BA9-D29186488FD6","layers":[{"animations":[],"layers":[],"initialState":{"affineTransform":[1,0,0,1,0,0],"masksToBounds":false,"rotation":0,"scale":1,"position":{"pointX":15,"pointY":16.5},"width":25,"sublayerTransform":[1,0,0,0,0,1,0,0,0,0,1,0,0,0,0,1],"contentsRect":{"y":0,"x":0,"width":1,"height":1},"opacity":1,"edgeAntialiasingMask":0,"height":17,"hidden":false,"anchorPoint":{"pointX":0.5,"pointY":0.5}},"texture":"A7E659D1BC5CCAC75749BE31B927BCDD"}]}]},{"animations":[],"initialState":{"affineTransform":[1,0,0,1,0,0],"masksToBounds":false,"rotation":0,"scale":1,"position":{"pointX":640,"pointY":360},"width":1280,"sublayerTransform":[1,0,0,0,0,1,0,0,0,0,1,0,0,0,0,1],"contentsRect":{"y":0,"x":0,"width":1,"height":1},"opacity":1,"edgeAntialiasingMask":15,"height":720,"hidden":false,"anchorPoint":{"pointX":0.5,"pointY":0.5}},"layers":[{"animations":[],"initialState":{"affineTransform":[1,0,0,1,0,0],"masksToBounds":false,"rotation":0,"scale":1,"position":{"pointX":640,"pointY":402},"width":1227.55078125,"sublayerTransform":[1,0,0,0,0,1,0,0,0,0,1,0,0,0,0,1],"contentsRect":{"y":0,"x":0,"width":1,"height":1},"opacity":1,"edgeAntialiasingMask":15,"height":415.5770874023438,"hidden":false,"anchorPoint":{"pointX":0.5,"pointY":0.5}},"objectID":"F97EEEE6-1D7A-4CBC-A9F9-E4D2AE1C145A","layers":[{"animations":[],"layers":[],"initialState":{"affineTransform":[1,0,0,1,0,0],"masksToBounds":false,"rotation":0,"scale":1,"position":{"pointX":613.775390625,"pointY":207.7885437011719},"width":1246,"sublayerTransform":[1,0,0,0,0,1,0,0,0,0,1,0,0,0,0,1],"contentsRect":{"y":0,"x":0,"width":1,"height":1},"opacity":1,"edgeAntialiasingMask":0,"height":438,"hidden":false,"anchorPoint":{"pointX":0.5,"pointY":0.5}},"texture":"5E9EFFEBCB20D6D495A09597A69520DF"}]}]}]}},{"effects":[{"beginTime":0,"baseLayer":{"animations":[],"initialState":{"affineTransform":[1,0,0,1,0,0],"masksToBounds":true,"rotation":0,"scale":1,"position":{"pointX":640,"pointY":360},"width":1280,"sublayerTransform":[1,0,0,0,0,1,0,0,0,0,1,0,0,0,0,1],"contentsRect":{"y":0,"x":0,"width":1,"height":1},"opacity":1,"edgeAntialiasingMask":0,"height":720,"hidden":false,"anchorPoint":{"pointX":0.5,"pointY":0.5}},"objectID":"0","layers":[{"animations":[],"initialState":{"affineTransform":[1,0,0,1,0,0],"masksToBounds":false,"rotation":0,"scale":1,"position":{"pointX":640,"pointY":360},"width":1280,"sublayerTransform":[1,0,0,0,0,1,0,0,0,0,1,-0.0005251186870016398,0,0,0,1],"contentsRect":{"y":0,"x":0,"width":1,"height":1},"opacity":1,"edgeAntialiasingMask":15,"height":720,"hidden":false,"anchorPoint":{"pointX":0.5,"pointY":0.5}},"layers":[{"animations":[],"layers":[],"initialState":{"affineTransform":[1,0,0,1,0,0],"masksToBounds":false,"rotation":0,"scale":1,"position":{"pointX":640,"pointY":360},"width":1280,"sublayerTransform":[1,0,0,0,0,1,0,0,0,0,1,0,0,0,0,1],"contentsRect":{"y":0,"x":0,"width":1,"height":1},"opacity":1,"edgeAntialiasingMask":0,"height":720,"hidden":false,"anchorPoint":{"pointX":0.5,"pointY":0.5}},"texture":"40B273DE0AE3A217E417B6519DB43023"},{"animations":[{"from":{"scalar":false},"beginTime":0,"repeatCount":0,"fillMode":"both","property":"hidden","duration":0.01,"to":{"scalar":true}}],"layers":[],"initialState":{"affineTransform":[1,0,0,1,0,0],"masksToBounds":false,"rotation":0,"scale":1,"position":{"pointX":640,"pointY":360},"width":1280,"sublayerTransform":[1,0,0,0,0,1,0,0,0,0,1,0,0,0,0,1],"contentsRect":{"y":0,"x":0,"width":1,"height":1},"opacity":1,"edgeAntialiasingMask":0,"height":720,"hidden":false,"anchorPoint":{"pointX":0.5,"pointY":0.5}},"texture":"D8D65DDC7BC93AA06195DCA35B55F2B1"}]}]},"effects":[],"duration":0.01,"type":"transition","name":"none","objectID":"0"}],"automaticPlay":false,"hyperlinks":[],"accessibility":[{"text":"GMSV-Review-Example-16by9.png","targetRectangle":{"y":-1,"x":0,"width":1280,"height":121}},{"text":"Interactive Path Editing","targetRectangle":{"y":17,"x":39,"width":529.9800000000001,"height":69.38043212890625}},{"text":"Thomas Höllt  //  Ovis: A Framework for Visual Analysis of Ocean Forecast Ensembles  // 13th Jan 2015 //   ","targetRectangle":{"y":691,"x":391.6400000000004,"width":869.0399999999994,"height":23.46014404296875}},{"text":"1000px-KAUST_Logo.svg.png","targetRectangle":{"y":16,"x":1198.996459960938,"width":65,"height":64.10344696044922}},{"text":"￼","targetRectangle":{"y":691,"x":1253.5,"width":22.24000000000001,"height":23.46014404296875}}],"baseLayer":{"animations":[],"initialState":{"affineTransform":[1,0,0,1,0,0],"masksToBounds":true,"rotation":0,"scale":1,"position":{"pointX":640,"pointY":360},"width":1280,"sublayerTransform":[1,0,0,0,0,1,0,0,0,0,1,0,0,0,0,1],"contentsRect":{"y":0,"x":0,"width":1,"height":1},"opacity":1,"edgeAntialiasingMask":0,"height":720,"hidden":false,"anchorPoint":{"pointX":0.5,"pointY":0.5}},"objectID":"0","layers":[{"animations":[],"initialState":{"affineTransform":[1,0,0,1,0,0],"masksToBounds":false,"rotation":0,"scale":1,"position":{"pointX":640,"pointY":360},"width":1280,"sublayerTransform":[1,0,0,0,0,1,0,0,0,0,1,-0.0005251186870016398,0,0,0,1],"contentsRect":{"y":0,"x":0,"width":1,"height":1},"opacity":1,"edgeAntialiasingMask":15,"height":720,"hidden":false,"anchorPoint":{"pointX":0.5,"pointY":0.5}},"layers":[{"animations":[],"layers":[],"initialState":{"affineTransform":[1,0,0,1,0,0],"masksToBounds":false,"rotation":0,"scale":1,"position":{"pointX":640,"pointY":360},"width":1280,"sublayerTransform":[1,0,0,0,0,1,0,0,0,0,1,0,0,0,0,1],"contentsRect":{"y":0,"x":0,"width":1,"height":1},"opacity":1,"edgeAntialiasingMask":0,"height":720,"hidden":false,"anchorPoint":{"pointX":0.5,"pointY":0.5}},"texture":"D8D65DDC7BC93AA06195DCA35B55F2B1"}]}]}}]}