{"assets":{"D8D65DDC7BC93AA06195DCA35B55F2B1":{"type":"texture","index":80,"assetRequest":{"type":"slide","state":"incoming","slide":"EF8B5C68-EA8A-4168-9BC0-EF775D145AB1"},"url":"assets/D8D65DDC7BC93AA06195DCA35B55F2B1.svg","width":1280,"height":720},"4023884AC0FF0963B45CA800A8292375":{"type":"texture","index":79,"assetRequest":{"type":"slide","state":"outgoing","slide":"AE0344E0-484B-49FB-B4D1-1952549F530D"},"url":"assets/4023884AC0FF0963B45CA800A8292375.svg","width":1280,"height":720}},"events":[{"effects":[{"beginTime":0,"baseLayer":{"animations":[],"initialState":{"affineTransform":[1,0,0,1,0,0],"masksToBounds":true,"rotation":0,"scale":1,"position":{"pointX":640,"pointY":360},"width":1280,"sublayerTransform":[1,0,0,0,0,1,0,0,0,0,1,0,0,0,0,1],"contentsRect":{"y":0,"x":0,"width":1,"height":1},"opacity":1,"edgeAntialiasingMask":0,"height":720,"hidden":false,"anchorPoint":{"pointX":0.5,"pointY":0.5}},"objectID":"0","layers":[{"animations":[],"initialState":{"affineTransform":[1,0,0,1,0,0],"masksToBounds":false,"rotation":0,"scale":1,"position":{"pointX":640,"pointY":360},"width":1280,"sublayerTransform":[1,0,0,0,0,1,0,0,0,0,1,-0.0005251186870016398,0,0,0,1],"contentsRect":{"y":0,"x":0,"width":1,"height":1},"opacity":1,"edgeAntialiasingMask":15,"height":720,"hidden":false,"anchorPoint":{"pointX":0.5,"pointY":0.5}},"layers":[{"animations":[],"layers":[],"initialState":{"affineTransform":[1,0,0,1,0,0],"masksToBounds":false,"rotation":0,"scale":1,"position":{"pointX":640,"pointY":360},"width":1280,"sublayerTransform":[1,0,0,0,0,1,0,0,0,0,1,0,0,0,0,1],"contentsRect":{"y":0,"x":0,"width":1,"height":1},"opacity":1,"edgeAntialiasingMask":0,"height":720,"hidden":false,"anchorPoint":{"pointX":0.5,"pointY":0.5}},"texture":"D8D65DDC7BC93AA06195DCA35B55F2B1"},{"animations":[{"from":{"scalar":false},"beginTime":0,"repeatCount":0,"fillMode":"both","property":"hidden","duration":0.01,"to":{"scalar":true}}],"layers":[],"initialState":{"affineTransform":[1,0,0,1,0,0],"masksToBounds":false,"rotation":0,"scale":1,"position":{"pointX":640,"pointY":360},"width":1280,"sublayerTransform":[1,0,0,0,0,1,0,0,0,0,1,0,0,0,0,1],"contentsRect":{"y":0,"x":0,"width":1,"height":1},"opacity":1,"edgeAntialiasingMask":0,"height":720,"hidden":false,"anchorPoint":{"pointX":0.5,"pointY":0.5}},"texture":"4023884AC0FF0963B45CA800A8292375"}]}]},"effects":[],"duration":0.01,"type":"transition","name":"none","objectID":"0"}],"automaticPlay":false,"hyperlinks":[],"accessibility":[{"text":"Thomas Höllt  //  Ovis: A Framework for Visual Analysis of Ocean Forecast Ensembles  // 13th Jan 2015 //   ","targetRectangle":{"y":691,"x":391.6400000000004,"width":869.0399999999994,"height":23.46014404296875}},{"text":"Screen Shot 2013-05-15 at 10.05.13 .png","targetRectangle":{"y":-40,"x":0,"width":1280,"height":800}},{"text":"￼","targetRectangle":{"y":691,"x":1253.5,"width":22.24000000000001,"height":23.46014404296875}},{"text":"1000px-KAUST_Logo.svg.png","targetRectangle":{"y":16,"x":1198.996459960938,"width":65,"height":64.10344696044922}},{"text":"Plan glider path","targetRectangle":{"y":92.59999847412109,"x":120.5999990701675,"width":206.5500000000001,"height":75.08224487304688}},{"text":"Time series view + lateral variation","targetRectangle":{"y":168.5999984741211,"x":150.5999990701675,"width":451.52,"height":75.08224487304688}},{"text":"Interactive path editing","targetRectangle":{"y":244.5999984741211,"x":120.5999990701675,"width":297.806,"height":39.08224487304688}},{"text":"time + position","targetRectangle":{"y":676.8625876903534,"x":346.3718783133099,"width":158.975,"height":29.27482604980469}},{"text":"GMSV-Review-Example-16by9.png","targetRectangle":{"y":-1,"x":0,"width":1280,"height":121}}],"baseLayer":{"animations":[],"initialState":{"affineTransform":[1,0,0,1,0,0],"masksToBounds":true,"rotation":0,"scale":1,"position":{"pointX":640,"pointY":360},"width":1280,"sublayerTransform":[1,0,0,0,0,1,0,0,0,0,1,0,0,0,0,1],"contentsRect":{"y":0,"x":0,"width":1,"height":1},"opacity":1,"edgeAntialiasingMask":0,"height":720,"hidden":false,"anchorPoint":{"pointX":0.5,"pointY":0.5}},"objectID":"0","layers":[{"animations":[],"initialState":{"affineTransform":[1,0,0,1,0,0],"masksToBounds":false,"rotation":0,"scale":1,"position":{"pointX":640,"pointY":360},"width":1280,"sublayerTransform":[1,0,0,0,0,1,0,0,0,0,1,-0.0005251186870016398,0,0,0,1],"contentsRect":{"y":0,"x":0,"width":1,"height":1},"opacity":1,"edgeAntialiasingMask":15,"height":720,"hidden":false,"anchorPoint":{"pointX":0.5,"pointY":0.5}},"layers":[{"animations":[],"layers":[],"initialState":{"affineTransform":[1,0,0,1,0,0],"masksToBounds":false,"rotation":0,"scale":1,"position":{"pointX":640,"pointY":360},"width":1280,"sublayerTransform":[1,0,0,0,0,1,0,0,0,0,1,0,0,0,0,1],"contentsRect":{"y":0,"x":0,"width":1,"height":1},"opacity":1,"edgeAntialiasingMask":0,"height":720,"hidden":false,"anchorPoint":{"pointX":0.5,"pointY":0.5}},"texture":"4023884AC0FF0963B45CA800A8292375"}]}]}}]}