{"assets":{"40B273DE0AE3A217E417B6519DB43023":{"type":"texture","index":104,"assetRequest":{"type":"slide","state":"outgoing","slide":"EEBD781E-ED1C-4218-9711-5453105B6EC3"},"url":"assets/40B273DE0AE3A217E417B6519DB43023.svg","width":1280,"height":720},"C8807A2B6FB4C4907B81EE9320A24AA6":{"type":"texture","index":98,"assetRequest":{"type":"slide","state":"contents","slide":"EEBD781E-ED1C-4218-9711-5453105B6EC3"},"url":"assets/C8807A2B6FB4C4907B81EE9320A24AA6.svg","width":501,"height":464},"DEA4F1C1437AF06F9E5F60EF9A1B43F5":{"url":"assets/DEA4F1C1437AF06F9E5F60EF9A1B43F5.svg","height":440.625,"movie":"stormsurge-781-832.m4v-0.0000-8.7270","width":719.2554931640625,"type":"texture","assetRequest":{"byGlyphStyle":0,"deliveryStyle":0,"chunkIndex":0,"type":"chunk","chunkCount":1,"stageIndex":0,"stageCount":1},"index":103},"186FEBED92DFAB5A9DC0DB4F187AA995":{"type":"texture","index":102,"assetRequest":{"byGlyphStyle":0,"deliveryStyle":0,"chunkIndex":0,"type":"chunk","chunkCount":1,"stageIndex":0,"stageCount":1},"url":"assets/186FEBED92DFAB5A9DC0DB4F187AA995.svg","width":722,"height":444},"2CA2FBB4541AB81EC785B18D7ED7BEA0":{"type":"texture","index":95,"assetRequest":{"type":"slide","state":"contents","slide":"EEBD781E-ED1C-4218-9711-5453105B6EC3"},"url":"assets/2CA2FBB4541AB81EC785B18D7ED7BEA0.svg","width":68,"height":67},"B457BCDA7968B00D46FAA081C8F05399":{"type":"texture","index":99,"assetRequest":{"type":"slide","state":"contents","slide":"EEBD781E-ED1C-4218-9711-5453105B6EC3"},"url":"assets/B457BCDA7968B00D46FAA081C8F05399.svg","width":188,"height":48},"55278D95A73D15106F1837F58D8765B7":{"type":"texture","index":96,"assetRequest":{"type":"slide","state":"contents","slide":"EEBD781E-ED1C-4218-9711-5453105B6EC3"},"url":"assets/55278D95A73D15106F1837F58D8765B7.svg","width":867,"height":21},"1BA297878F7D9EAA430103FB26D2EAD4":{"type":"texture","index":105,"assetRequest":{"type":"slide","state":"incoming","slide":"1E10B69A-76F1-4975-BE2A-2E1223682E11"},"url":"assets/1BA297878F7D9EAA430103FB26D2EAD4.svg","width":1280,"height":720},"446691F639F3DD79046A95DBD688223B":{"type":"texture","index":101,"assetRequest":{"byGlyphStyle":0,"deliveryStyle":0,"chunkIndex":0,"type":"chunk","chunkCount":1,"stageIndex":0,"stageCount":1},"url":"assets/446691F639F3DD79046A95DBD688223B.svg","width":735.2554931640625,"height":456.625},"stormsurge-781-832.m4v-0.0000-8.7270":{"type":"video","index":0,"assetRequest":{},"url":"assets/stormsurge-781-832.m4v-0.0000-8.7270.m4v","width":1110,"height":680},"1F270C9EF9E82C264CB3D3BFCDD40C17":{"type":"texture","index":100,"assetRequest":{"type":"slide","state":"contents","slide":"EEBD781E-ED1C-4218-9711-5453105B6EC3"},"url":"assets/1F270C9EF9E82C264CB3D3BFCDD40C17.svg","width":25,"height":17},"F17237C130CE1C22793C2FB38649F198":{"type":"texture","index":97,"assetRequest":{"type":"slide","state":"contents","slide":"EEBD781E-ED1C-4218-9711-5453105B6EC3"},"url":"assets/F17237C130CE1C22793C2FB38649F198.svg","width":738,"height":464},"644C434DD699FD272341E53EE353E0B8":{"type":"texture","index":94,"assetRequest":{"type":"slide","state":"contents","slide":"EEBD781E-ED1C-4218-9711-5453105B6EC3"},"url":"assets/644C434DD699FD272341E53EE353E0B8.svg","width":1462,"height":303},"73FBF9D3D9D3E7A751916EA8CE9D78F7":{"type":"texture","index":93,"assetRequest":{"type":"slide","state":"contents","slide":"EEBD781E-ED1C-4218-9711-5453105B6EC3"},"url":"assets/73FBF9D3D9D3E7A751916EA8CE9D78F7.svg","width":1280,"height":720}},"events":[{"effects":[{"beginTime":0,"baseLayer":{"animations":[],"initialState":{"affineTransform":[1,0,0,1,0,0],"masksToBounds":false,"rotation":0,"scale":1,"position":{"pointX":388.8725967407227,"pointY":402},"width":719.2554931640625,"sublayerTransform":[1,0,0,0,0,1,0,0,0,0,1,0,0,0,0,1],"contentsRect":{"y":0,"x":0,"width":1,"height":1},"opacity":1,"edgeAntialiasingMask":15,"height":440.625,"hidden":false,"anchorPoint":{"pointX":0.5,"pointY":0.5}},"objectID":"153E3FA7-3F6E-4CE9-B9E4-60D05CFBDC5D","layers":[{"animations":[],"initialState":{"affineTransform":[1,0,0,1,0,0],"masksToBounds":false,"rotation":0,"scale":1,"position":{"pointX":610.7551498413086,"pointY":178.3125},"width":719.2554931640625,"sublayerTransform":[1,0,0,0,0,1,0,0,0,0,1,-0.0005251186870016398,0,0,0,1],"contentsRect":{"y":0,"x":0,"width":1,"height":1},"opacity":1,"edgeAntialiasingMask":15,"height":440.625,"hidden":false,"anchorPoint":{"pointX":0.849149093258291,"pointY":0.4046808510638298}},"layers":[{"animations":[{"repeatCount":0,"animations":[{"from":{"scalar":true},"beginTime":0,"repeatCount":0,"fillMode":"removed","property":"isPlaying","duration":0.01,"to":{"scalar":true}},{"from":{"scalar":false},"beginTime":0,"repeatCount":0,"fillMode":"removed","property":"hidden","duration":0.01,"to":{"scalar":false}}],"beginTime":1e-100,"fillMode":"both","duration":0.01}],"layers":[],"initialState":{"affineTransform":[1,0,0,1,0,0],"masksToBounds":false,"rotation":0,"scale":1,"position":{"pointX":359.7551498413086,"pointY":220.3125},"width":738,"sublayerTransform":[1,0,0,0,0,1,0,0,0,0,1,0,0,0,0,1],"contentsRect":{"y":0,"x":0,"width":1,"height":1},"opacity":1,"edgeAntialiasingMask":0,"height":464,"hidden":false,"anchorPoint":{"pointX":0.5,"pointY":0.5}},"texture":"F17237C130CE1C22793C2FB38649F198"}]}]},"effects":[{"beginTime":0,"baseLayer":{"animations":[],"initialState":{"affineTransform":[1,0,0,1,0,0],"masksToBounds":false,"rotation":0,"scale":1,"position":{"pointX":388.8725967407227,"pointY":402},"width":719.2554931640625,"sublayerTransform":[1,0,0,0,0,1,0,0,0,0,1,0,0,0,0,1],"contentsRect":{"y":0,"x":0,"width":1,"height":1},"opacity":1,"edgeAntialiasingMask":15,"height":440.625,"hidden":false,"anchorPoint":{"pointX":0.5,"pointY":0.5}},"objectID":"153E3FA7-3F6E-4CE9-B9E4-60D05CFBDC5D","layers":[{"animations":[],"layers":[],"initialState":{"affineTransform":[1,0,0,1,0,0],"masksToBounds":false,"rotation":0,"scale":1,"position":{"pointX":359.6277465820312,"pointY":222.3125},"width":735.2554931640625,"sublayerTransform":[1,0,0,0,0,1,0,0,0,0,1,0,0,0,0,1],"contentsRect":{"y":0,"x":0,"width":1,"height":1},"opacity":0.5,"edgeAntialiasingMask":0,"height":456.625,"hidden":false,"anchorPoint":{"pointX":0.5,"pointY":0.5}},"texture":"446691F639F3DD79046A95DBD688223B"},{"animations":[],"layers":[],"initialState":{"affineTransform":[1,0,0,1,0,0],"masksToBounds":false,"rotation":0,"scale":1,"position":{"pointX":359.7551498413086,"pointY":220.3125},"width":722,"sublayerTransform":[1,0,0,0,0,1,0,0,0,0,1,0,0,0,0,1],"contentsRect":{"y":0,"x":0,"width":1,"height":1},"opacity":1,"edgeAntialiasingMask":0,"height":444,"hidden":true,"anchorPoint":{"pointX":0.5,"pointY":0.5}},"texture":"186FEBED92DFAB5A9DC0DB4F187AA995"},{"animations":[],"layers":[],"initialState":{"affineTransform":[1,0,0,1,0,0],"masksToBounds":false,"rotation":0,"scale":1,"position":{"pointX":359.6277465820312,"pointY":220.3125},"width":719.2554931640625,"sublayerTransform":[1,0,0,0,0,1,0,0,0,0,1,0,0,0,0,1],"contentsRect":{"y":0,"x":0,"width":1,"height":1},"opacity":1,"edgeAntialiasingMask":15,"height":440.625,"hidden":false,"anchorPoint":{"pointX":0.5,"pointY":0.5}},"texture":"DEA4F1C1437AF06F9E5F60EF9A1B43F5"}]},"effects":[],"movie":{"volume":1,"isStreaming":false,"isAudioOnly":false,"endTime":8.72700023651123,"startTime":0,"asset":"stormsurge-781-832.m4v-0.0000-8.7270","loopMode":"looping"},"duration":0,"type":"buildIn","name":"renderMovie","objectID":"153E3FA7-3F6E-4CE9-B9E4-60D05CFBDC5D"}],"duration":0.01,"type":"buildIn","name":"apple:movie-start","objectID":"153E3FA7-3F6E-4CE9-B9E4-60D05CFBDC5D"}],"automaticPlay":true,"hyperlinks":[],"accessibility":[{"text":"pasted-image.png","targetRectangle":{"y":181.6875000000001,"x":768.3488769531249,"width":482.4062500000001,"height":440.6249999999999}},{"text":"Thomas Höllt  //  Ovis: A Framework for Visual Analysis of Ocean Forecast Ensembles  // 13th Jan 2015 //   ","targetRectangle":{"y":691,"x":391.6400000000004,"width":869.0399999999994,"height":23.46014404296875}},{"text":"GMSV-Review-Example-16by9.png","targetRectangle":{"y":-1,"x":0,"width":1280,"height":121}},{"text":"Outlook","targetRectangle":{"y":17,"x":39,"width":184.44,"height":69.38043212890625}},{"text":"￼","targetRectangle":{"y":691,"x":1253.5,"width":22.24000000000001,"height":23.46014404296875}},{"text":"1000px-KAUST_Logo.svg.png","targetRectangle":{"y":16,"x":1198.996459960938,"width":65,"height":64.10344696044922}}],"baseLayer":{"animations":[],"initialState":{"affineTransform":[1,0,0,1,0,0],"masksToBounds":true,"rotation":0,"scale":1,"position":{"pointX":640,"pointY":360},"width":1280,"sublayerTransform":[1,0,0,0,0,1,0,0,0,0,1,0,0,0,0,1],"contentsRect":{"y":0,"x":0,"width":1,"height":1},"opacity":1,"edgeAntialiasingMask":0,"height":720,"hidden":false,"anchorPoint":{"pointX":0.5,"pointY":0.5}},"layers":[{"animations":[],"initialState":{"affineTransform":[1,0,0,1,0,0],"masksToBounds":false,"rotation":0,"scale":1,"position":{"pointX":640,"pointY":360},"width":1280,"sublayerTransform":[1,0,0,0,0,1,0,0,0,0,1,0,0,0,0,1],"contentsRect":{"y":0,"x":0,"width":1,"height":1},"opacity":1,"edgeAntialiasingMask":15,"height":720,"hidden":false,"anchorPoint":{"pointX":0.5,"pointY":0.5}},"layers":[{"animations":[],"initialState":{"affineTransform":[1,0,0,1,0,0],"masksToBounds":false,"rotation":0,"scale":1,"position":{"pointX":640,"pointY":360},"width":1280,"sublayerTransform":[1,0,0,0,0,1,0,0,0,0,1,0,0,0,0,1],"contentsRect":{"y":0,"x":0,"width":1,"height":1},"opacity":1,"edgeAntialiasingMask":15,"height":720,"hidden":false,"anchorPoint":{"pointX":0.5,"pointY":0.5}},"layers":[{"animations":[],"layers":[],"initialState":{"affineTransform":[1,0,0,1,0,0],"masksToBounds":false,"rotation":0,"scale":1,"position":{"pointX":640,"pointY":360},"width":1280,"sublayerTransform":[1,0,0,0,0,1,0,0,0,0,1,0,0,0,0,1],"contentsRect":{"y":0,"x":0,"width":1,"height":1},"opacity":1,"edgeAntialiasingMask":0,"height":720,"hidden":false,"anchorPoint":{"pointX":0.5,"pointY":0.5}},"texture":"73FBF9D3D9D3E7A751916EA8CE9D78F7"}]}]},{"animations":[],"initialState":{"affineTransform":[1,0,0,1,0,0],"masksToBounds":false,"rotation":0,"scale":1,"position":{"pointX":640,"pointY":360},"width":1280,"sublayerTransform":[1,0,0,0,0,1,0,0,0,0,1,0,0,0,0,1],"contentsRect":{"y":0,"x":0,"width":1,"height":1},"opacity":1,"edgeAntialiasingMask":15,"height":720,"hidden":false,"anchorPoint":{"pointX":0.5,"pointY":0.5}},"layers":[{"animations":[],"initialState":{"affineTransform":[1,0,0,1,0,0],"masksToBounds":false,"rotation":0,"scale":1,"position":{"pointX":640,"pointY":59.5},"width":1280,"sublayerTransform":[1,0,0,0,0,1,0,0,0,0,1,0,0,0,0,1],"contentsRect":{"y":0,"x":0,"width":1,"height":1},"opacity":1,"edgeAntialiasingMask":15,"height":121,"hidden":false,"anchorPoint":{"pointX":0.5,"pointY":0.5}},"objectID":"078E0FF4-F211-4DB4-B723-85DF8047D1FA","layers":[{"animations":[],"layers":[],"initialState":{"affineTransform":[1,0,0,1,0,0],"masksToBounds":false,"rotation":0,"scale":1,"position":{"pointX":640,"pointY":60.5},"width":1462,"sublayerTransform":[1,0,0,0,0,1,0,0,0,0,1,0,0,0,0,1],"contentsRect":{"y":0,"x":0,"width":1,"height":1},"opacity":1,"edgeAntialiasingMask":0,"height":303,"hidden":false,"anchorPoint":{"pointX":0.5,"pointY":0.5}},"texture":"644C434DD699FD272341E53EE353E0B8"}]}]},{"animations":[],"initialState":{"affineTransform":[1,0,0,1,0,0],"masksToBounds":false,"rotation":0,"scale":1,"position":{"pointX":640,"pointY":360},"width":1280,"sublayerTransform":[1,0,0,0,0,1,0,0,0,0,1,0,0,0,0,1],"contentsRect":{"y":0,"x":0,"width":1,"height":1},"opacity":1,"edgeAntialiasingMask":15,"height":720,"hidden":false,"anchorPoint":{"pointX":0.5,"pointY":0.5}},"layers":[{"animations":[],"initialState":{"affineTransform":[1,0,0,1,0,0],"masksToBounds":false,"rotation":0,"scale":1,"position":{"pointX":1231.496459960938,"pointY":48.05172348022461},"width":65,"sublayerTransform":[1,0,0,0,0,1,0,0,0,0,1,0,0,0,0,1],"contentsRect":{"y":0,"x":0,"width":1,"height":1},"opacity":1,"edgeAntialiasingMask":15,"height":64.10344696044922,"hidden":false,"anchorPoint":{"pointX":0.5,"pointY":0.5}},"objectID":"222ECC80-B172-4292-8D7B-88FAA58890F3","layers":[{"animations":[],"layers":[],"initialState":{"affineTransform":[1,0,0,1,0,0],"masksToBounds":false,"rotation":0,"scale":1,"position":{"pointX":32.0035400390625,"pointY":32.5},"width":68,"sublayerTransform":[1,0,0,0,0,1,0,0,0,0,1,0,0,0,0,1],"contentsRect":{"y":0,"x":0,"width":1,"height":1},"opacity":1,"edgeAntialiasingMask":0,"height":67,"hidden":false,"anchorPoint":{"pointX":0.5,"pointY":0.5}},"texture":"2CA2FBB4541AB81EC785B18D7ED7BEA0"}]}]},{"animations":[],"initialState":{"affineTransform":[1,0,0,1,0,0],"masksToBounds":false,"rotation":0,"scale":1,"position":{"pointX":640,"pointY":360},"width":1280,"sublayerTransform":[1,0,0,0,0,1,0,0,0,0,1,0,0,0,0,1],"contentsRect":{"y":0,"x":0,"width":1,"height":1},"opacity":1,"edgeAntialiasingMask":15,"height":720,"hidden":false,"anchorPoint":{"pointX":0.5,"pointY":0.5}},"layers":[{"animations":[],"initialState":{"affineTransform":[1,0,0,1,0,0],"masksToBounds":false,"rotation":0,"scale":1,"position":{"pointX":624,"pointY":703},"width":1248,"sublayerTransform":[1,0,0,0,0,1,0,0,0,0,1,0,0,0,0,1],"contentsRect":{"y":0,"x":0,"width":1,"height":1},"opacity":1,"edgeAntialiasingMask":15,"height":32,"hidden":false,"anchorPoint":{"pointX":0.5,"pointY":0.5}},"objectID":"6CAE889C-7430-463D-AA5E-766025C22742","layers":[{"animations":[],"layers":[],"initialState":{"affineTransform":[1,0,0,1,0,0],"masksToBounds":false,"rotation":0,"scale":1,"position":{"pointX":823.5,"pointY":17.5},"width":867,"sublayerTransform":[1,0,0,0,0,1,0,0,0,0,1,0,0,0,0,1],"contentsRect":{"y":0,"x":0,"width":1,"height":1},"opacity":1,"edgeAntialiasingMask":0,"height":21,"hidden":false,"anchorPoint":{"pointX":0.5,"pointY":0.5}},"texture":"55278D95A73D15106F1837F58D8765B7"}]}]},{"animations":[],"initialState":{"affineTransform":[1,0,0,1,0,0],"masksToBounds":false,"rotation":0,"scale":1,"position":{"pointX":640,"pointY":360},"width":1280,"sublayerTransform":[1,0,0,0,0,1,0,0,0,0,1,0,0,0,0,1],"contentsRect":{"y":0,"x":0,"width":1,"height":1},"opacity":1,"edgeAntialiasingMask":15,"height":720,"hidden":false,"anchorPoint":{"pointX":0.5,"pointY":0.5}},"layers":[{"animations":[],"initialState":{"affineTransform":[1,0,0,1,0,0],"masksToBounds":false,"rotation":0,"scale":1,"position":{"pointX":388.8725967407227,"pointY":402},"width":719.2554931640625,"sublayerTransform":[1,0,0,0,0,1,0,0,0,0,1,0,0,0,0,1],"contentsRect":{"y":0,"x":0,"width":1,"height":1},"opacity":1,"edgeAntialiasingMask":15,"height":440.625,"hidden":false,"anchorPoint":{"pointX":0.5,"pointY":0.5}},"objectID":"153E3FA7-3F6E-4CE9-B9E4-60D05CFBDC5D","layers":[{"animations":[],"layers":[],"initialState":{"affineTransform":[1,0,0,1,0,0],"masksToBounds":false,"rotation":0,"scale":1,"position":{"pointX":359.7551498413086,"pointY":220.3125},"width":738,"sublayerTransform":[1,0,0,0,0,1,0,0,0,0,1,0,0,0,0,1],"contentsRect":{"y":0,"x":0,"width":1,"height":1},"opacity":1,"edgeAntialiasingMask":0,"height":464,"hidden":false,"anchorPoint":{"pointX":0.5,"pointY":0.5}},"texture":"F17237C130CE1C22793C2FB38649F198"}]}]},{"animations":[],"initialState":{"affineTransform":[1,0,0,1,0,0],"masksToBounds":false,"rotation":0,"scale":1,"position":{"pointX":640,"pointY":360},"width":1280,"sublayerTransform":[1,0,0,0,0,1,0,0,0,0,1,0,0,0,0,1],"contentsRect":{"y":0,"x":0,"width":1,"height":1},"opacity":1,"edgeAntialiasingMask":15,"height":720,"hidden":false,"anchorPoint":{"pointX":0.5,"pointY":0.5}},"layers":[{"animations":[],"initialState":{"affineTransform":[1,0,0,1,0,0],"masksToBounds":false,"rotation":0,"scale":1,"position":{"pointX":1009.552001953125,"pointY":402},"width":482.4062500000001,"sublayerTransform":[1,0,0,0,0,1,0,0,0,0,1,0,0,0,0,1],"contentsRect":{"y":0,"x":0,"width":1,"height":1},"opacity":1,"edgeAntialiasingMask":15,"height":440.6249999999999,"hidden":false,"anchorPoint":{"pointX":0.5,"pointY":0.5}},"objectID":"C43B79DF-ABBD-4FF7-B0F9-C3DF9F5ECBBC","layers":[{"animations":[],"layers":[],"initialState":{"affineTransform":[1,0,0,1,0,0],"masksToBounds":false,"rotation":0,"scale":1,"position":{"pointX":241.1511230468751,"pointY":220.3124999999999},"width":501,"sublayerTransform":[1,0,0,0,0,1,0,0,0,0,1,0,0,0,0,1],"contentsRect":{"y":0,"x":0,"width":1,"height":1},"opacity":1,"edgeAntialiasingMask":0,"height":464,"hidden":false,"anchorPoint":{"pointX":0.5,"pointY":0.5}},"texture":"C8807A2B6FB4C4907B81EE9320A24AA6"}]}]},{"animations":[],"initialState":{"affineTransform":[1,0,0,1,0,0],"masksToBounds":false,"rotation":0,"scale":1,"position":{"pointX":640,"pointY":360},"width":1280,"sublayerTransform":[1,0,0,0,0,1,0,0,0,0,1,0,0,0,0,1],"contentsRect":{"y":0,"x":0,"width":1,"height":1},"opacity":1,"edgeAntialiasingMask":15,"height":720,"hidden":false,"anchorPoint":{"pointX":0.5,"pointY":0.5}},"layers":[{"animations":[],"initialState":{"affineTransform":[1,0,0,1,0,0],"masksToBounds":false,"rotation":0,"scale":1,"position":{"pointX":603,"pointY":51.5},"width":1136,"sublayerTransform":[1,0,0,0,0,1,0,0,0,0,1,0,0,0,0,1],"contentsRect":{"y":0,"x":0,"width":1,"height":1},"opacity":1,"edgeAntialiasingMask":15,"height":83,"hidden":false,"anchorPoint":{"pointX":0.5,"pointY":0.5}},"objectID":"3A70758D-BC4B-461C-BD27-B367B0C10BC1","layers":[{"animations":[],"layers":[],"initialState":{"affineTransform":[1,0,0,1,0,0],"masksToBounds":false,"rotation":0,"scale":1,"position":{"pointX":98,"pointY":42},"width":188,"sublayerTransform":[1,0,0,0,0,1,0,0,0,0,1,0,0,0,0,1],"contentsRect":{"y":0,"x":0,"width":1,"height":1},"opacity":1,"edgeAntialiasingMask":0,"height":48,"hidden":false,"anchorPoint":{"pointX":0.5,"pointY":0.5}},"texture":"B457BCDA7968B00D46FAA081C8F05399"}]}]},{"animations":[],"initialState":{"affineTransform":[1,0,0,1,0,0],"masksToBounds":false,"rotation":0,"scale":1,"position":{"pointX":640,"pointY":360},"width":1280,"sublayerTransform":[1,0,0,0,0,1,0,0,0,0,1,0,0,0,0,1],"contentsRect":{"y":0,"x":0,"width":1,"height":1},"opacity":1,"edgeAntialiasingMask":15,"height":720,"hidden":false,"anchorPoint":{"pointX":0.5,"pointY":0.5}},"layers":[{"animations":[],"initialState":{"affineTransform":[1,0,0,1,0,0],"masksToBounds":false,"rotation":0,"scale":1,"position":{"pointX":1265.120000703333,"pointY":702.7300718426704},"width":31.24000140666612,"sublayerTransform":[1,0,0,0,0,1,0,0,0,0,1,0,0,0,0,1],"contentsRect":{"y":0,"x":0,"width":1,"height":1},"opacity":1,"edgeAntialiasingMask":15,"height":31.46014368534088,"hidden":false,"anchorPoint":{"pointX":0.5,"pointY":0.5}},"objectID":"8CDE2CDD-4B1C-4891-BBA9-B18491F76722","layers":[{"animations":[],"layers":[],"initialState":{"affineTransform":[1,0,0,1,0,0],"masksToBounds":false,"rotation":0,"scale":1,"position":{"pointX":15,"pointY":16.5},"width":25,"sublayerTransform":[1,0,0,0,0,1,0,0,0,0,1,0,0,0,0,1],"contentsRect":{"y":0,"x":0,"width":1,"height":1},"opacity":1,"edgeAntialiasingMask":0,"height":17,"hidden":false,"anchorPoint":{"pointX":0.5,"pointY":0.5}},"texture":"1F270C9EF9E82C264CB3D3BFCDD40C17"}]}]}]}},{"effects":[{"beginTime":0,"baseLayer":{"animations":[],"initialState":{"affineTransform":[1,0,0,1,0,0],"masksToBounds":true,"rotation":0,"scale":1,"position":{"pointX":640,"pointY":360},"width":1280,"sublayerTransform":[1,0,0,0,0,1,0,0,0,0,1,0,0,0,0,1],"contentsRect":{"y":0,"x":0,"width":1,"height":1},"opacity":1,"edgeAntialiasingMask":0,"height":720,"hidden":false,"anchorPoint":{"pointX":0.5,"pointY":0.5}},"objectID":"0","layers":[{"animations":[],"initialState":{"affineTransform":[1,0,0,1,0,0],"masksToBounds":false,"rotation":0,"scale":1,"position":{"pointX":640,"pointY":360},"width":1280,"sublayerTransform":[1,0,0,0,0,1,0,0,0,0,1,-0.0005251186870016398,0,0,0,1],"contentsRect":{"y":0,"x":0,"width":1,"height":1},"opacity":1,"edgeAntialiasingMask":15,"height":720,"hidden":false,"anchorPoint":{"pointX":0.5,"pointY":0.5}},"layers":[{"animations":[],"layers":[],"initialState":{"affineTransform":[1,0,0,1,0,0],"masksToBounds":false,"rotation":0,"scale":1,"position":{"pointX":640,"pointY":360},"width":1280,"sublayerTransform":[1,0,0,0,0,1,0,0,0,0,1,0,0,0,0,1],"contentsRect":{"y":0,"x":0,"width":1,"height":1},"opacity":1,"edgeAntialiasingMask":0,"height":720,"hidden":false,"anchorPoint":{"pointX":0.5,"pointY":0.5}},"texture":"1BA297878F7D9EAA430103FB26D2EAD4"},{"animations":[{"from":{"scalar":false},"beginTime":0,"repeatCount":0,"fillMode":"both","property":"hidden","duration":0.01,"to":{"scalar":true}}],"layers":[],"initialState":{"affineTransform":[1,0,0,1,0,0],"masksToBounds":false,"rotation":0,"scale":1,"position":{"pointX":640,"pointY":360},"width":1280,"sublayerTransform":[1,0,0,0,0,1,0,0,0,0,1,0,0,0,0,1],"contentsRect":{"y":0,"x":0,"width":1,"height":1},"opacity":1,"edgeAntialiasingMask":0,"height":720,"hidden":false,"anchorPoint":{"pointX":0.5,"pointY":0.5}},"texture":"40B273DE0AE3A217E417B6519DB43023"}]}]},"effects":[],"duration":0.01,"type":"transition","name":"none","objectID":"0"}],"automaticPlay":false,"hyperlinks":[],"accessibility":[{"text":"pasted-image.png","targetRectangle":{"y":181.6875000000001,"x":768.3488769531249,"width":482.4062500000001,"height":440.6249999999999}},{"text":"Thomas Höllt  //  Ovis: A Framework for Visual Analysis of Ocean Forecast Ensembles  // 13th Jan 2015 //   ","targetRectangle":{"y":691,"x":391.6400000000004,"width":869.0399999999994,"height":23.46014404296875}},{"text":"GMSV-Review-Example-16by9.png","targetRectangle":{"y":-1,"x":0,"width":1280,"height":121}},{"text":"Outlook","targetRectangle":{"y":17,"x":39,"width":184.44,"height":69.38043212890625}},{"text":"￼","targetRectangle":{"y":691,"x":1253.5,"width":22.24000000000001,"height":23.46014404296875}},{"text":"1000px-KAUST_Logo.svg.png","targetRectangle":{"y":16,"x":1198.996459960938,"width":65,"height":64.10344696044922}}],"baseLayer":{"animations":[],"initialState":{"affineTransform":[1,0,0,1,0,0],"masksToBounds":true,"rotation":0,"scale":1,"position":{"pointX":640,"pointY":360},"width":1280,"sublayerTransform":[1,0,0,0,0,1,0,0,0,0,1,0,0,0,0,1],"contentsRect":{"y":0,"x":0,"width":1,"height":1},"opacity":1,"edgeAntialiasingMask":0,"height":720,"hidden":false,"anchorPoint":{"pointX":0.5,"pointY":0.5}},"objectID":"0","layers":[{"animations":[],"initialState":{"affineTransform":[1,0,0,1,0,0],"masksToBounds":false,"rotation":0,"scale":1,"position":{"pointX":640,"pointY":360},"width":1280,"sublayerTransform":[1,0,0,0,0,1,0,0,0,0,1,-0.0005251186870016398,0,0,0,1],"contentsRect":{"y":0,"x":0,"width":1,"height":1},"opacity":1,"edgeAntialiasingMask":15,"height":720,"hidden":false,"anchorPoint":{"pointX":0.5,"pointY":0.5}},"layers":[{"animations":[],"layers":[],"initialState":{"affineTransform":[1,0,0,1,0,0],"masksToBounds":false,"rotation":0,"scale":1,"position":{"pointX":640,"pointY":360},"width":1280,"sublayerTransform":[1,0,0,0,0,1,0,0,0,0,1,0,0,0,0,1],"contentsRect":{"y":0,"x":0,"width":1,"height":1},"opacity":1,"edgeAntialiasingMask":0,"height":720,"hidden":false,"anchorPoint":{"pointX":0.5,"pointY":0.5}},"texture":"40B273DE0AE3A217E417B6519DB43023"}]}]}}]}