{"assets":{"BEF466138060ADA1A64D21AE523BDACE":{"type":"texture","index":45,"assetRequest":{"type":"slide","state":"contents","slide":"A23449F0-5789-43B8-8C0C-9AB7680CD2A9"},"url":"assets/BEF466138060ADA1A64D21AE523BDACE.svg","width":21,"height":17},"271F7578FAD83EAE9924C0D33AE09A64":{"type":"texture","index":47,"assetRequest":{"type":"slide","state":"contents","slide":"A23449F0-5789-43B8-8C0C-9AB7680CD2A9"},"url":"assets/271F7578FAD83EAE9924C0D33AE09A64.svg","width":340,"height":267},"1D539F08562EA09458109598F571F7EE":{"type":"texture","index":40,"assetRequest":{"type":"slide","state":"object","slide":"A23449F0-5789-43B8-8C0C-9AB7680CD2A9"},"url":"assets/1D539F08562EA09458109598F571F7EE.svg","width":681,"height":767},"7BDF93801ABA285197D76CF888EBBB8C":{"type":"texture","index":39,"assetRequest":{"type":"slide","state":"text","slide":"A23449F0-5789-43B8-8C0C-9AB7680CD2A9"},"url":"assets/7BDF93801ABA285197D76CF888EBBB8C.svg","width":97,"height":27},"11CD4BDB0330E9A615674BAD68E734B9":{"type":"texture","index":30,"assetRequest":{"type":"slide","state":"text","slide":"A23449F0-5789-43B8-8C0C-9AB7680CD2A9"},"url":"assets/11CD4BDB0330E9A615674BAD68E734B9.svg","width":856,"height":21},"1E92BA3FBDFC4FD021C6BE6C5FABE036":{"type":"texture","index":37,"assetRequest":{"type":"slide","state":"object","slide":"A23449F0-5789-43B8-8C0C-9AB7680CD2A9"},"url":"assets/1E92BA3FBDFC4FD021C6BE6C5FABE036.svg","width":372,"height":550},"273C0E41DA0BA24618D06B718AC10027":{"type":"texture","index":34,"assetRequest":{"type":"slide","state":"text","slide":"A23449F0-5789-43B8-8C0C-9AB7680CD2A9"},"url":"assets/273C0E41DA0BA24618D06B718AC10027.svg","width":394,"height":35},"E48ADE8928FB063D599E902EC5A40F4C":{"type":"texture","index":36,"assetRequest":{"type":"slide","state":"text","slide":"A23449F0-5789-43B8-8C0C-9AB7680CD2A9"},"url":"assets/E48ADE8928FB063D599E902EC5A40F4C.svg","width":25,"height":17},"73FBF9D3D9D3E7A751916EA8CE9D78F7":{"type":"texture","index":27,"assetRequest":{"type":"slide","state":"background","slide":"A23449F0-5789-43B8-8C0C-9AB7680CD2A9"},"url":"assets/73FBF9D3D9D3E7A751916EA8CE9D78F7.svg","width":1280,"height":720},"D1C095F9C82C0C3072D5F4F4646D79D5":{"type":"texture","index":31,"assetRequest":{"type":"slide","state":"text","slide":"A23449F0-5789-43B8-8C0C-9AB7680CD2A9"},"url":"assets/D1C095F9C82C0C3072D5F4F4646D79D5.svg","width":480,"height":58},"644C434DD699FD272341E53EE353E0B8":{"type":"texture","index":28,"assetRequest":{"type":"slide","state":"object","slide":"A23449F0-5789-43B8-8C0C-9AB7680CD2A9"},"url":"assets/644C434DD699FD272341E53EE353E0B8.svg","width":1462,"height":303},"5082CB3B3F558FB5B4CA8C17AF539B13":{"type":"texture","index":43,"assetRequest":{"type":"slide","state":"object","slide":"A23449F0-5789-43B8-8C0C-9AB7680CD2A9"},"url":"assets/5082CB3B3F558FB5B4CA8C17AF539B13.svg","width":204,"height":158},"6EA346ACFF50F7144185DC0DBFB36271":{"type":"texture","index":48,"assetRequest":{"type":"slide","state":"contents","slide":"A23449F0-5789-43B8-8C0C-9AB7680CD2A9"},"url":"assets/6EA346ACFF50F7144185DC0DBFB36271.svg","width":330,"height":257},"F06BB1DC169496EA603F56C136F0E70D":{"type":"texture","index":41,"assetRequest":{"type":"slide","state":"shadow","slide":"A23449F0-5789-43B8-8C0C-9AB7680CD2A9"},"url":"assets/F06BB1DC169496EA603F56C136F0E70D.svg","width":193,"height":153},"BB9563ECA50E5AD6A760C30FE32D6C8B":{"type":"texture","index":35,"assetRequest":{"type":"slide","state":"text","slide":"A23449F0-5789-43B8-8C0C-9AB7680CD2A9"},"url":"assets/BB9563ECA50E5AD6A760C30FE32D6C8B.svg","width":442,"height":35},"572314B77709435FD177C753F66A946A":{"type":"texture","index":46,"assetRequest":{"type":"slide","state":"contents","slide":"A23449F0-5789-43B8-8C0C-9AB7680CD2A9"},"url":"assets/572314B77709435FD177C753F66A946A.svg","width":1588,"height":2349},"76F2E6668C623755FDBD838F18B91B53":{"type":"texture","index":42,"assetRequest":{"type":"slide","state":"object","slide":"A23449F0-5789-43B8-8C0C-9AB7680CD2A9"},"url":"assets/76F2E6668C623755FDBD838F18B91B53.svg","width":183,"height":143},"6128656F8544BCD9CFE9A2035912F97C":{"type":"texture","index":32,"assetRequest":{"type":"slide","state":"text","slide":"A23449F0-5789-43B8-8C0C-9AB7680CD2A9"},"url":"assets/6128656F8544BCD9CFE9A2035912F97C.svg","width":245,"height":34},"2CA2FBB4541AB81EC785B18D7ED7BEA0":{"type":"texture","index":29,"assetRequest":{"type":"slide","state":"object","slide":"A23449F0-5789-43B8-8C0C-9AB7680CD2A9"},"url":"assets/2CA2FBB4541AB81EC785B18D7ED7BEA0.svg","width":68,"height":67},"A20739EEC2AE067A09BCE033B9B4A677":{"type":"texture","index":38,"assetRequest":{"type":"slide","state":"object","slide":"A23449F0-5789-43B8-8C0C-9AB7680CD2A9"},"url":"assets/A20739EEC2AE067A09BCE033B9B4A677.svg","width":35,"height":34},"315C18EBFDEED1D6149D9112542ADAE3":{"type":"texture","index":44,"assetRequest":{"type":"slide","state":"object","slide":"A23449F0-5789-43B8-8C0C-9AB7680CD2A9"},"url":"assets/315C18EBFDEED1D6149D9112542ADAE3.svg","width":232,"height":158},"A49740834BCA92A6820BACF0E2E24A35":{"type":"texture","index":33,"assetRequest":{"type":"slide","state":"text","slide":"A23449F0-5789-43B8-8C0C-9AB7680CD2A9"},"url":"assets/A49740834BCA92A6820BACF0E2E24A35.svg","width":236,"height":33}},"events":[{"effects":[{"beginTime":0,"baseLayer":{"animations":[],"initialState":{"affineTransform":[1,0,0,1,0,0],"masksToBounds":true,"rotation":0,"scale":1,"position":{"pointX":640,"pointY":360},"width":1280,"sublayerTransform":[1,0,0,0,0,1,0,0,0,0,1,0,0,0,0,1],"contentsRect":{"y":0,"x":0,"width":1,"height":1},"opacity":1,"edgeAntialiasingMask":0,"height":720,"hidden":false,"anchorPoint":{"pointX":0.5,"pointY":0.5}},"objectID":"0","layers":[{"animations":[],"initialState":{"affineTransform":[1,0,0,1,0,0],"masksToBounds":false,"rotation":0,"scale":1,"position":{"pointX":640,"pointY":360},"width":1280,"sublayerTransform":[1,0,0,0,0,1,0,0,0,0,1,-0.0005251186870016398,0,0,0,1],"contentsRect":{"y":0,"x":0,"width":1,"height":1},"opacity":1,"edgeAntialiasingMask":15,"height":720,"hidden":false,"anchorPoint":{"pointX":0.5,"pointY":0.5}},"layers":[{"animations":[{"repeatCount":0,"animations":[{"from":{"scalar":0},"beginTime":0,"repeatCount":0,"fillMode":"both","property":"zPosition","duration":1,"timingFunction":"easeInEaseOut","to":{"scalar":0}}],"beginTime":0,"fillMode":"both","duration":1}],"initialState":{"affineTransform":[1,0,0,1,0,0],"masksToBounds":false,"rotation":0,"scale":1,"position":{"pointX":640,"pointY":360},"width":1280,"sublayerTransform":[1,0,0,0,0,1,0,0,0,0,1,0,0,0,0,1],"contentsRect":{"y":0,"x":0,"width":1,"height":1},"opacity":1,"edgeAntialiasingMask":15,"height":720,"hidden":false,"anchorPoint":{"pointX":0.5,"pointY":0.5}},"layers":[{"animations":[{"repeatCount":0,"animations":[{"from":{"texture":"73FBF9D3D9D3E7A751916EA8CE9D78F7"},"beginTime":0,"repeatCount":0,"fillMode":"both","property":"contents","duration":1,"timingFunction":"easeInEaseOut","to":{"texture":"73FBF9D3D9D3E7A751916EA8CE9D78F7"}}],"beginTime":0,"fillMode":"both","duration":1}],"layers":[],"initialState":{"affineTransform":[1,0,0,1,0,0],"masksToBounds":false,"rotation":0,"scale":1,"position":{"pointX":640,"pointY":360},"width":1280,"sublayerTransform":[1,0,0,0,0,1,0,0,0,0,1,0,0,0,0,1],"contentsRect":{"y":0,"x":0,"width":1,"height":1},"opacity":1,"edgeAntialiasingMask":0,"height":720,"hidden":false,"anchorPoint":{"pointX":0.5,"pointY":0.5}},"texture":"73FBF9D3D9D3E7A751916EA8CE9D78F7"}]}]},{"animations":[{"repeatCount":0,"animations":[{"from":{"scalar":0.001},"beginTime":0,"repeatCount":0,"fillMode":"both","property":"zPosition","duration":1,"timingFunction":"easeInEaseOut","to":{"scalar":0.001}}],"beginTime":0,"fillMode":"both","duration":1}],"initialState":{"affineTransform":[1,0,0,1,0,0],"masksToBounds":false,"rotation":0,"scale":1,"position":{"pointX":640,"pointY":59.5},"width":1280,"sublayerTransform":[1,0,0,0,0,1,0,0,0,0,1,0,0,0,0,1],"contentsRect":{"y":0,"x":0,"width":1,"height":1},"opacity":1,"edgeAntialiasingMask":15,"height":121,"hidden":false,"anchorPoint":{"pointX":0.5,"pointY":0.5}},"layers":[{"animations":[{"repeatCount":0,"animations":[{"from":{"texture":"644C434DD699FD272341E53EE353E0B8"},"beginTime":0,"repeatCount":0,"fillMode":"both","property":"contents","duration":1,"timingFunction":"easeInEaseOut","to":{"texture":"644C434DD699FD272341E53EE353E0B8"}}],"beginTime":0,"fillMode":"both","duration":1}],"layers":[],"initialState":{"affineTransform":[1,0,0,1,0,0],"masksToBounds":false,"rotation":0,"scale":1,"position":{"pointX":640,"pointY":60.5},"width":1462,"sublayerTransform":[1,0,0,0,0,1,0,0,0,0,1,0,0,0,0,1],"contentsRect":{"y":0,"x":0,"width":1,"height":1},"opacity":1,"edgeAntialiasingMask":0,"height":303,"hidden":false,"anchorPoint":{"pointX":0.5,"pointY":0.5}},"texture":"644C434DD699FD272341E53EE353E0B8"}]},{"animations":[{"repeatCount":0,"animations":[{"from":{"scalar":0.002},"beginTime":0,"repeatCount":0,"fillMode":"both","property":"zPosition","duration":1,"timingFunction":"easeInEaseOut","to":{"scalar":0.002}}],"beginTime":0,"fillMode":"both","duration":1}],"initialState":{"affineTransform":[1,0,0,1,0,0],"masksToBounds":false,"rotation":0,"scale":1,"position":{"pointX":1231.496459960938,"pointY":48.05172348022461},"width":65,"sublayerTransform":[1,0,0,0,0,1,0,0,0,0,1,0,0,0,0,1],"contentsRect":{"y":0,"x":0,"width":1,"height":1},"opacity":1,"edgeAntialiasingMask":15,"height":64.10344696044922,"hidden":false,"anchorPoint":{"pointX":0.5,"pointY":0.5}},"layers":[{"animations":[{"repeatCount":0,"animations":[{"from":{"texture":"2CA2FBB4541AB81EC785B18D7ED7BEA0"},"beginTime":0,"repeatCount":0,"fillMode":"both","property":"contents","duration":1,"timingFunction":"easeInEaseOut","to":{"texture":"2CA2FBB4541AB81EC785B18D7ED7BEA0"}}],"beginTime":0,"fillMode":"both","duration":1}],"layers":[],"initialState":{"affineTransform":[1,0,0,1,0,0],"masksToBounds":false,"rotation":0,"scale":1,"position":{"pointX":32.5,"pointY":32.05172348022461},"width":68,"sublayerTransform":[1,0,0,0,0,1,0,0,0,0,1,0,0,0,0,1],"contentsRect":{"y":0,"x":0,"width":1,"height":1},"opacity":1,"edgeAntialiasingMask":0,"height":67,"hidden":false,"anchorPoint":{"pointX":0.5073008817784926,"pointY":0.4933093056749941}},"texture":"2CA2FBB4541AB81EC785B18D7ED7BEA0"}]},{"animations":[{"repeatCount":0,"animations":[{"from":{"scalar":0.003},"beginTime":0,"repeatCount":0,"fillMode":"both","property":"zPosition","duration":1,"timingFunction":"easeInEaseOut","to":{"scalar":0.003}}],"beginTime":0,"fillMode":"both","duration":1}],"initialState":{"affineTransform":[1,0,0,1,0,0],"masksToBounds":false,"rotation":0,"scale":1,"position":{"pointX":624,"pointY":703},"width":1248,"sublayerTransform":[1,0,0,0,0,1,0,0,0,0,1,0,0,0,0,1],"contentsRect":{"y":0,"x":0,"width":1,"height":1},"opacity":1,"edgeAntialiasingMask":15,"height":32,"hidden":false,"anchorPoint":{"pointX":0.5,"pointY":0.5}},"layers":[{"animations":[{"repeatCount":0,"animations":[{"from":{"texture":"11CD4BDB0330E9A615674BAD68E734B9"},"beginTime":0,"repeatCount":0,"fillMode":"both","property":"contents","duration":1,"timingFunction":"easeInEaseOut","to":{"texture":"11CD4BDB0330E9A615674BAD68E734B9"}}],"beginTime":0,"fillMode":"both","duration":1}],"layers":[],"initialState":{"affineTransform":[1,0,0,1,0,0],"masksToBounds":false,"rotation":0,"scale":1,"position":{"pointX":823.5,"pointY":17.5},"width":856,"sublayerTransform":[1,0,0,0,0,1,0,0,0,0,1,0,0,0,0,1],"contentsRect":{"y":0,"x":0,"width":1,"height":1},"opacity":1,"edgeAntialiasingMask":0,"height":21,"hidden":false,"anchorPoint":{"pointX":0.5064252336448598,"pointY":0.5}},"texture":"11CD4BDB0330E9A615674BAD68E734B9"}]},{"animations":[{"repeatCount":0,"animations":[{"from":{"scalar":0.004},"beginTime":0,"repeatCount":0,"fillMode":"both","property":"zPosition","duration":1,"timingFunction":"easeInEaseOut","to":{"scalar":0.004}}],"beginTime":0,"fillMode":"both","duration":1}],"initialState":{"affineTransform":[1,0,0,1,0,0],"masksToBounds":false,"rotation":0,"scale":1,"position":{"pointX":603,"pointY":51.5},"width":1136,"sublayerTransform":[1,0,0,0,0,1,0,0,0,0,1,0,0,0,0,1],"contentsRect":{"y":0,"x":0,"width":1,"height":1},"opacity":1,"edgeAntialiasingMask":15,"height":83,"hidden":false,"anchorPoint":{"pointX":0.5,"pointY":0.5}},"layers":[{"animations":[{"repeatCount":0,"animations":[{"from":{"scalar":1},"beginTime":0,"repeatCount":0,"fillMode":"forwards","property":"opacity","duration":0.3333,"timingFunction":"easeInEaseOut","to":{"scalar":0}},{"from":{"scalar":true},"beginTime":0.3333,"repeatCount":0,"fillMode":"forwards","property":"hidden","duration":0.6667000000000001,"to":{"scalar":true}}],"beginTime":0,"fillMode":"both","duration":1}],"layers":[],"initialState":{"affineTransform":[1,0,0,1,0,0],"masksToBounds":false,"rotation":0,"scale":1,"position":{"pointX":246,"pointY":47},"width":480,"sublayerTransform":[1,0,0,0,0,1,0,0,0,0,1,0,0,0,0,1],"contentsRect":{"y":0,"x":0,"width":1,"height":1},"opacity":1,"edgeAntialiasingMask":0,"height":58,"hidden":false,"anchorPoint":{"pointX":0.5,"pointY":0.5}},"texture":"D1C095F9C82C0C3072D5F4F4646D79D5"}]},{"animations":[{"repeatCount":0,"animations":[{"from":{"scalar":0.005},"beginTime":0,"repeatCount":0,"fillMode":"both","property":"zPosition","duration":1,"timingFunction":"easeInEaseOut","to":{"scalar":0.005}}],"beginTime":0,"fillMode":"both","duration":1}],"initialState":{"affineTransform":[1,0,0,1,0,0],"masksToBounds":false,"rotation":0,"scale":1,"position":{"pointX":405,"pointY":417},"width":740,"sublayerTransform":[1,0,0,0,0,1,0,0,0,0,1,0,0,0,0,1],"contentsRect":{"y":0,"x":0,"width":1,"height":1},"opacity":1,"edgeAntialiasingMask":15,"height":498,"hidden":false,"anchorPoint":{"pointX":0.5,"pointY":0.5}},"layers":[{"animations":[{"repeatCount":0,"animations":[{"from":{"scalar":1},"beginTime":0,"repeatCount":0,"fillMode":"forwards","property":"opacity","duration":0.3333,"timingFunction":"easeInEaseOut","to":{"scalar":0}},{"from":{"scalar":true},"beginTime":0.3333,"repeatCount":0,"fillMode":"forwards","property":"hidden","duration":0.6667000000000001,"to":{"scalar":true}}],"beginTime":0,"fillMode":"both","duration":1}],"layers":[],"initialState":{"affineTransform":[1,0,0,1,0,0],"masksToBounds":false,"rotation":0,"scale":1,"position":{"pointX":240,"pointY":141},"width":245,"sublayerTransform":[1,0,0,0,0,1,0,0,0,0,1,0,0,0,0,1],"contentsRect":{"y":0,"x":0,"width":1,"height":1},"opacity":1,"edgeAntialiasingMask":0,"height":34,"hidden":false,"anchorPoint":{"pointX":0.8408163265306122,"pointY":1.617647058823529}},"texture":"6128656F8544BCD9CFE9A2035912F97C"}]},{"animations":[{"repeatCount":0,"animations":[{"from":{"scalar":0.006},"beginTime":0,"repeatCount":0,"fillMode":"both","property":"zPosition","duration":1,"timingFunction":"easeInEaseOut","to":{"scalar":0.006}}],"beginTime":0,"fillMode":"both","duration":1}],"initialState":{"affineTransform":[1,0,0,1,0,0],"masksToBounds":false,"rotation":0,"scale":1,"position":{"pointX":405,"pointY":417},"width":740,"sublayerTransform":[1,0,0,0,0,1,0,0,0,0,1,0,0,0,0,1],"contentsRect":{"y":0,"x":0,"width":1,"height":1},"opacity":1,"edgeAntialiasingMask":15,"height":498,"hidden":false,"anchorPoint":{"pointX":0.5,"pointY":0.5}},"layers":[{"animations":[{"repeatCount":0,"animations":[{"from":{"scalar":1},"beginTime":0,"repeatCount":0,"fillMode":"forwards","property":"opacity","duration":0.3333,"timingFunction":"easeInEaseOut","to":{"scalar":0}},{"from":{"scalar":true},"beginTime":0.3333,"repeatCount":0,"fillMode":"forwards","property":"hidden","duration":0.6667000000000001,"to":{"scalar":true}}],"beginTime":0,"fillMode":"both","duration":1}],"layers":[],"initialState":{"affineTransform":[1,0,0,1,0,0],"masksToBounds":false,"rotation":0,"scale":1,"position":{"pointX":240,"pointY":141},"width":236,"sublayerTransform":[1,0,0,0,0,1,0,0,0,0,1,0,0,0,0,1],"contentsRect":{"y":0,"x":0,"width":1,"height":1},"opacity":1,"edgeAntialiasingMask":0,"height":33,"hidden":false,"anchorPoint":{"pointX":1,"pointY":3.96969696969697}},"texture":"A49740834BCA92A6820BACF0E2E24A35"}]},{"animations":[{"repeatCount":0,"animations":[{"from":{"scalar":0.007},"beginTime":0,"repeatCount":0,"fillMode":"both","property":"zPosition","duration":1,"timingFunction":"easeInEaseOut","to":{"scalar":0.007}}],"beginTime":0,"fillMode":"both","duration":1}],"initialState":{"affineTransform":[1,0,0,1,0,0],"masksToBounds":false,"rotation":0,"scale":1,"position":{"pointX":405,"pointY":417},"width":740,"sublayerTransform":[1,0,0,0,0,1,0,0,0,0,1,0,0,0,0,1],"contentsRect":{"y":0,"x":0,"width":1,"height":1},"opacity":1,"edgeAntialiasingMask":15,"height":498,"hidden":false,"anchorPoint":{"pointX":0.5,"pointY":0.5}},"layers":[{"animations":[{"repeatCount":0,"animations":[{"from":{"scalar":1},"beginTime":0,"repeatCount":0,"fillMode":"forwards","property":"opacity","duration":0.3333,"timingFunction":"easeInEaseOut","to":{"scalar":0}},{"from":{"scalar":true},"beginTime":0.3333,"repeatCount":0,"fillMode":"forwards","property":"hidden","duration":0.6667000000000001,"to":{"scalar":true}}],"beginTime":0,"fillMode":"both","duration":1}],"layers":[],"initialState":{"affineTransform":[1,0,0,1,0,0],"masksToBounds":false,"rotation":0,"scale":1,"position":{"pointX":240,"pointY":141},"width":394,"sublayerTransform":[1,0,0,0,0,1,0,0,0,0,1,0,0,0,0,1],"contentsRect":{"y":0,"x":0,"width":1,"height":1},"opacity":1,"edgeAntialiasingMask":0,"height":35,"hidden":false,"anchorPoint":{"pointX":0.5228426395939086,"pointY":-0.5714285714285714}},"texture":"273C0E41DA0BA24618D06B718AC10027"}]},{"animations":[{"repeatCount":0,"animations":[{"from":{"scalar":0.008},"beginTime":0,"repeatCount":0,"fillMode":"both","property":"zPosition","duration":1,"timingFunction":"easeInEaseOut","to":{"scalar":0.008}}],"beginTime":0,"fillMode":"both","duration":1}],"initialState":{"affineTransform":[1,0,0,1,0,0],"masksToBounds":false,"rotation":0,"scale":1,"position":{"pointX":405,"pointY":417},"width":740,"sublayerTransform":[1,0,0,0,0,1,0,0,0,0,1,0,0,0,0,1],"contentsRect":{"y":0,"x":0,"width":1,"height":1},"opacity":1,"edgeAntialiasingMask":15,"height":498,"hidden":false,"anchorPoint":{"pointX":0.5,"pointY":0.5}},"layers":[{"animations":[{"repeatCount":0,"animations":[{"from":{"scalar":1},"beginTime":0,"repeatCount":0,"fillMode":"forwards","property":"opacity","duration":0.3333,"timingFunction":"easeInEaseOut","to":{"scalar":0}},{"from":{"scalar":true},"beginTime":0.3333,"repeatCount":0,"fillMode":"forwards","property":"hidden","duration":0.6667000000000001,"to":{"scalar":true}}],"beginTime":0,"fillMode":"both","duration":1}],"layers":[],"initialState":{"affineTransform":[1,0,0,1,0,0],"masksToBounds":false,"rotation":0,"scale":1,"position":{"pointX":240,"pointY":141},"width":442,"sublayerTransform":[1,0,0,0,0,1,0,0,0,0,1,0,0,0,0,1],"contentsRect":{"y":0,"x":0,"width":1,"height":1},"opacity":1,"edgeAntialiasingMask":0,"height":35,"hidden":false,"anchorPoint":{"pointX":0.4660633484162896,"pointY":-2.742857142857143}},"texture":"BB9563ECA50E5AD6A760C30FE32D6C8B"}]},{"animations":[{"repeatCount":0,"animations":[{"from":{"scalar":0.009000000000000001},"beginTime":0,"repeatCount":0,"fillMode":"both","property":"zPosition","duration":1,"timingFunction":"easeInEaseOut","to":{"scalar":0.009000000000000001}}],"beginTime":0,"fillMode":"both","duration":1}],"initialState":{"affineTransform":[1,0,0,1,0,0],"masksToBounds":false,"rotation":0,"scale":1,"position":{"pointX":1265.120000703333,"pointY":702.7300718426704},"width":31.24000140666612,"sublayerTransform":[1,0,0,0,0,1,0,0,0,0,1,0,0,0,0,1],"contentsRect":{"y":0,"x":0,"width":1,"height":1},"opacity":1,"edgeAntialiasingMask":15,"height":31.46014368534088,"hidden":false,"anchorPoint":{"pointX":0.5,"pointY":0.5}},"layers":[{"animations":[{"repeatCount":0,"animations":[{"from":{"texture":"E48ADE8928FB063D599E902EC5A40F4C"},"beginTime":0,"repeatCount":0,"fillMode":"both","property":"contents","duration":1,"timingFunction":"easeInEaseOut","to":{"texture":"BEF466138060ADA1A64D21AE523BDACE"}},{"from":{"scalar":1},"beginTime":0,"repeatCount":0,"fillMode":"both","property":"transform.scale.x","duration":1,"timingFunction":"easeInEaseOut","to":{"scalar":0.84}},{"from":{"scalar":1},"beginTime":0,"repeatCount":0,"fillMode":"both","property":"transform.scale.y","duration":1,"timingFunction":"easeInEaseOut","to":{"scalar":1}},{"from":{"pointX":0,"pointY":0},"beginTime":0,"repeatCount":0,"fillMode":"both","property":"transform.translation","duration":1,"timingFunction":"easeInEaseOut","to":{"pointX":-2,"pointY":0}}],"beginTime":0,"fillMode":"both","duration":1}],"layers":[],"initialState":{"affineTransform":[1,0,0,1,0,0],"masksToBounds":false,"rotation":0,"scale":1,"position":{"pointX":15,"pointY":16.5},"width":25,"sublayerTransform":[1,0,0,0,0,1,0,0,0,0,1,0,0,0,0,1],"contentsRect":{"y":0,"x":0,"width":1,"height":1},"opacity":1,"edgeAntialiasingMask":0,"height":17,"hidden":false,"anchorPoint":{"pointX":0.5,"pointY":0.5}},"texture":"E48ADE8928FB063D599E902EC5A40F4C"}]},{"animations":[{"repeatCount":0,"animations":[{"from":{"scalar":0.01},"beginTime":0,"repeatCount":0,"fillMode":"both","property":"zPosition","duration":1,"timingFunction":"easeInEaseOut","to":{"scalar":0.01}}],"beginTime":0,"fillMode":"both","duration":1}],"initialState":{"affineTransform":[1,0,0,1,0,0],"masksToBounds":false,"rotation":0,"scale":1,"position":{"pointX":1034,"pointY":417.1922302246094},"width":370,"sublayerTransform":[1,0,0,0,0,1,0,0,0,0,1,0,0,0,0,1],"contentsRect":{"y":0,"x":0,"width":1,"height":1},"opacity":1,"edgeAntialiasingMask":15,"height":547.6155395507812,"hidden":false,"anchorPoint":{"pointX":0.5,"pointY":0.5}},"layers":[{"animations":[{"repeatCount":0,"animations":[{"from":{"texture":"1E92BA3FBDFC4FD021C6BE6C5FABE036"},"beginTime":0,"repeatCount":0,"fillMode":"both","property":"contents","duration":1,"timingFunction":"easeInEaseOut","to":{"texture":"572314B77709435FD177C753F66A946A"}},{"from":{"scalar":1},"beginTime":0,"repeatCount":0,"fillMode":"both","property":"transform.scale.x","duration":1,"timingFunction":"easeInEaseOut","to":{"scalar":4.268817204301075}},{"from":{"scalar":1},"beginTime":0,"repeatCount":0,"fillMode":"both","property":"transform.scale.y","duration":1,"timingFunction":"easeInEaseOut","to":{"scalar":4.270909090909091}},{"from":{"pointX":0,"pointY":0},"beginTime":0,"repeatCount":0,"fillMode":"both","property":"transform.translation","duration":1,"timingFunction":"easeInEaseOut","to":{"pointX":-394,"pointY":111.1287675892224}}],"beginTime":0,"fillMode":"both","duration":1}],"layers":[],"initialState":{"affineTransform":[1,0,0,1,0,0],"masksToBounds":false,"rotation":0,"scale":1,"position":{"pointX":185,"pointY":273.8077697753906},"width":372,"sublayerTransform":[1,0,0,0,0,1,0,0,0,0,1,0,0,0,0,1],"contentsRect":{"y":0,"x":0,"width":1,"height":1},"opacity":1,"edgeAntialiasingMask":0,"height":550,"hidden":false,"anchorPoint":{"pointX":0.5,"pointY":0.5003495094992898}},"texture":"1E92BA3FBDFC4FD021C6BE6C5FABE036"}]},{"animations":[{"repeatCount":0,"animations":[{"from":{"scalar":0.011},"beginTime":0,"repeatCount":0,"fillMode":"both","property":"zPosition","duration":1,"timingFunction":"easeInEaseOut","to":{"scalar":0.011}}],"beginTime":0,"fillMode":"both","duration":1}],"initialState":{"affineTransform":[1,0,0,1,0,0],"masksToBounds":false,"rotation":0,"scale":1,"position":{"pointX":753.9999998527833,"pointY":323.9999998636376},"width":31.00000031926686,"sublayerTransform":[1,0,0,0,0,1,0,0,0,0,1,0,0,0,0,1],"contentsRect":{"y":0,"x":0,"width":1,"height":1},"opacity":1,"edgeAntialiasingMask":15,"height":30.99999996569386,"hidden":false,"anchorPoint":{"pointX":0.5,"pointY":0.5}},"layers":[{"animations":[{"repeatCount":0,"animations":[{"from":{"scalar":0},"beginTime":0.6667000000000001,"repeatCount":0,"fillMode":"both","property":"opacity","duration":0.3333,"timingFunction":"easeInEaseOut","to":{"scalar":1}},{"from":{"scalar":false},"beginTime":0.6667000000000001,"repeatCount":0,"fillMode":"forwards","property":"hidden","duration":0.3332999999999999,"to":{"scalar":false}}],"beginTime":0,"fillMode":"both","duration":1}],"layers":[],"initialState":{"affineTransform":[1,0,0,1,0,0],"masksToBounds":false,"rotation":0,"scale":1,"position":{"pointX":16.0000003068501,"pointY":15.50000011920929},"width":35,"sublayerTransform":[1,0,0,0,0,1,0,0,0,0,1,0,0,0,0,1],"contentsRect":{"y":0,"x":0,"width":1,"height":1},"opacity":1,"edgeAntialiasingMask":0,"height":34,"hidden":true,"anchorPoint":{"pointX":0.5,"pointY":0.5}},"texture":"A20739EEC2AE067A09BCE033B9B4A677"}]},{"animations":[{"repeatCount":0,"animations":[{"from":{"scalar":0.012},"beginTime":0,"repeatCount":0,"fillMode":"both","property":"zPosition","duration":1,"timingFunction":"easeInEaseOut","to":{"scalar":0.012}}],"beginTime":0,"fillMode":"both","duration":1}],"initialState":{"affineTransform":[1,0,0,1,0,0],"masksToBounds":false,"rotation":0,"scale":1,"position":{"pointX":819.7420654296875,"pointY":303.5},"width":120,"sublayerTransform":[1,0,0,0,0,1,0,0,0,0,1,0,0,0,0,1],"contentsRect":{"y":0,"x":0,"width":1,"height":1},"opacity":1,"edgeAntialiasingMask":15,"height":43.12979030609131,"hidden":false,"anchorPoint":{"pointX":0.5,"pointY":0.5}},"layers":[{"animations":[{"repeatCount":0,"animations":[{"from":{"scalar":0},"beginTime":0.6667000000000001,"repeatCount":0,"fillMode":"both","property":"opacity","duration":0.3333,"timingFunction":"easeInEaseOut","to":{"scalar":1}},{"from":{"scalar":false},"beginTime":0.6667000000000001,"repeatCount":0,"fillMode":"forwards","property":"hidden","duration":0.3332999999999999,"to":{"scalar":false}}],"beginTime":0,"fillMode":"both","duration":1}],"layers":[],"initialState":{"affineTransform":[1,0,0,1,0,0],"masksToBounds":false,"rotation":0,"scale":1,"position":{"pointX":60.7579345703125,"pointY":21.56489515304565},"width":97,"sublayerTransform":[1,0,0,0,0,1,0,0,0,0,1,0,0,0,0,1],"contentsRect":{"y":0,"x":0,"width":1,"height":1},"opacity":1,"edgeAntialiasingMask":0,"height":27,"hidden":true,"anchorPoint":{"pointX":0.5,"pointY":0.5}},"texture":"7BDF93801ABA285197D76CF888EBBB8C"}]},{"animations":[{"repeatCount":0,"animations":[{"from":{"scalar":0.013},"beginTime":0,"repeatCount":0,"fillMode":"both","property":"zPosition","duration":1,"timingFunction":"easeInEaseOut","to":{"scalar":0.013}}],"beginTime":0,"fillMode":"both","duration":1}],"initialState":{"affineTransform":[1,0,0,1,0,0],"masksToBounds":false,"rotation":0,"scale":1,"position":{"pointX":-346.5,"pointY":363.5},"width":679,"sublayerTransform":[1,0,0,0,0,1,0,0,0,0,1,0,0,0,0,1],"contentsRect":{"y":0,"x":0,"width":1,"height":1},"opacity":1,"edgeAntialiasingMask":15,"height":765,"hidden":false,"anchorPoint":{"pointX":0.5,"pointY":0.5}},"layers":[{"animations":[{"repeatCount":0,"animations":[{"from":{"scalar":0},"beginTime":0.6667000000000001,"repeatCount":0,"fillMode":"both","property":"opacity","duration":0.3333,"timingFunction":"easeInEaseOut","to":{"scalar":1}},{"from":{"scalar":false},"beginTime":0.6667000000000001,"repeatCount":0,"fillMode":"forwards","property":"hidden","duration":0.3332999999999999,"to":{"scalar":false}}],"beginTime":0,"fillMode":"both","duration":1}],"layers":[],"initialState":{"affineTransform":[1,0,0,1,0,0],"masksToBounds":false,"rotation":0,"scale":1,"position":{"pointX":339.5,"pointY":382.5},"width":681,"sublayerTransform":[1,0,0,0,0,1,0,0,0,0,1,0,0,0,0,1],"contentsRect":{"y":0,"x":0,"width":1,"height":1},"opacity":1,"edgeAntialiasingMask":0,"height":767,"hidden":true,"anchorPoint":{"pointX":0.5,"pointY":0.5}},"texture":"1D539F08562EA09458109598F571F7EE"}]},{"animations":[{"repeatCount":0,"animations":[{"from":{"scalar":0.014},"beginTime":0,"repeatCount":0,"fillMode":"both","property":"zPosition","duration":1,"timingFunction":"easeInEaseOut","to":{"scalar":0.014}}],"beginTime":0,"fillMode":"both","duration":1}],"initialState":{"affineTransform":[1,0,0,1,0,0],"masksToBounds":false,"rotation":0,"scale":1,"position":{"pointX":616.7562255859375,"pointY":570.4803466796875},"width":180,"sublayerTransform":[1,0,0,0,0,1,0,0,0,0,1,0,0,0,0,1],"contentsRect":{"y":0,"x":0,"width":1,"height":1},"opacity":1,"edgeAntialiasingMask":15,"height":140,"hidden":false,"anchorPoint":{"pointX":0.5,"pointY":0.5}},"layers":[{"animations":[{"repeatCount":0,"animations":[{"from":{"texture":"F06BB1DC169496EA603F56C136F0E70D"},"beginTime":0,"repeatCount":0,"fillMode":"both","property":"contents","duration":1,"timingFunction":"easeInEaseOut","to":{"texture":"271F7578FAD83EAE9924C0D33AE09A64"}},{"from":{"scalar":1},"beginTime":0,"repeatCount":0,"fillMode":"both","property":"transform.scale.x","duration":1,"timingFunction":"easeInEaseOut","to":{"scalar":1.761658031088083}},{"from":{"scalar":1},"beginTime":0,"repeatCount":0,"fillMode":"both","property":"transform.scale.y","duration":1,"timingFunction":"easeInEaseOut","to":{"scalar":1.745098039215686}},{"from":{"pointX":0,"pointY":0},"beginTime":0,"repeatCount":0,"fillMode":"both","property":"transform.translation","duration":1,"timingFunction":"easeInEaseOut","to":{"pointX":-414.4427316340924,"pointY":-15.18201613041003}}],"beginTime":0,"fillMode":"both","duration":1}],"layers":[],"initialState":{"affineTransform":[1,0,0,1,0,0],"masksToBounds":false,"rotation":0,"scale":1,"position":{"pointX":89.5060383230432,"pointY":70.4332632505516},"width":193,"sublayerTransform":[1,0,0,0,0,1,0,0,0,0,1,0,0,0,0,1],"contentsRect":{"y":0,"x":0,"width":1,"height":1},"opacity":0.6000000238418579,"edgeAntialiasingMask":0,"height":153,"hidden":false,"anchorPoint":{"pointX":0.4935868596320244,"pointY":0.4896314374525432}},"texture":"F06BB1DC169496EA603F56C136F0E70D"}]},{"animations":[{"repeatCount":0,"animations":[{"from":{"scalar":0.015},"beginTime":0,"repeatCount":0,"fillMode":"both","property":"zPosition","duration":1,"timingFunction":"easeInEaseOut","to":{"scalar":0.015}}],"beginTime":0,"fillMode":"both","duration":1}],"initialState":{"affineTransform":[1,0,0,1,0,0],"masksToBounds":false,"rotation":0,"scale":1,"position":{"pointX":616.7562255859375,"pointY":570.4803466796875},"width":180,"sublayerTransform":[1,0,0,0,0,1,0,0,0,0,1,0,0,0,0,1],"contentsRect":{"y":0,"x":0,"width":1,"height":1},"opacity":1,"edgeAntialiasingMask":15,"height":140,"hidden":false,"anchorPoint":{"pointX":0.5,"pointY":0.5}},"layers":[{"animations":[{"repeatCount":0,"animations":[{"from":{"texture":"76F2E6668C623755FDBD838F18B91B53"},"beginTime":0,"repeatCount":0,"fillMode":"both","property":"contents","duration":1,"timingFunction":"easeInEaseOut","to":{"texture":"6EA346ACFF50F7144185DC0DBFB36271"}},{"from":{"scalar":1},"beginTime":0,"repeatCount":0,"fillMode":"both","property":"transform.scale.x","duration":1,"timingFunction":"easeInEaseOut","to":{"scalar":1.80327868852459}},{"from":{"scalar":1},"beginTime":0,"repeatCount":0,"fillMode":"both","property":"transform.scale.y","duration":1,"timingFunction":"easeInEaseOut","to":{"scalar":1.797202797202797}},{"from":{"pointX":0,"pointY":0},"beginTime":0,"repeatCount":0,"fillMode":"both","property":"transform.translation","duration":1,"timingFunction":"easeInEaseOut","to":{"pointX":-413.2941794473617,"pointY":-14.01566768192743}}],"beginTime":0,"fillMode":"both","duration":1}],"layers":[],"initialState":{"affineTransform":[1,0,0,1,0,0],"masksToBounds":false,"rotation":0,"scale":1,"position":{"pointX":90,"pointY":70},"width":183,"sublayerTransform":[1,0,0,0,0,1,0,0,0,0,1,0,0,0,0,1],"contentsRect":{"y":0,"x":0,"width":1,"height":1},"opacity":1,"edgeAntialiasingMask":0,"height":143,"hidden":false,"anchorPoint":{"pointX":0.5014001398138661,"pointY":0.4998625641936189}},"texture":"76F2E6668C623755FDBD838F18B91B53"}]},{"animations":[{"repeatCount":0,"animations":[{"from":{"scalar":0.016},"beginTime":0,"repeatCount":0,"fillMode":"both","property":"zPosition","duration":1,"timingFunction":"easeInEaseOut","to":{"scalar":0.016}}],"beginTime":0,"fillMode":"both","duration":1}],"initialState":{"affineTransform":[1,0,0,1,0,0],"masksToBounds":false,"rotation":0,"scale":1,"position":{"pointX":391.3333358764648,"pointY":570},"width":186.6666717529297,"sublayerTransform":[1,0,0,0,0,1,0,0,0,0,1,0,0,0,0,1],"contentsRect":{"y":0,"x":0,"width":1,"height":1},"opacity":1,"edgeAntialiasingMask":15,"height":140,"hidden":false,"anchorPoint":{"pointX":0.5,"pointY":0.5}},"layers":[{"animations":[{"repeatCount":0,"animations":[{"from":{"scalar":1},"beginTime":0,"repeatCount":0,"fillMode":"forwards","property":"opacity","duration":0.3333,"timingFunction":"easeInEaseOut","to":{"scalar":0}},{"from":{"scalar":true},"beginTime":0.3333,"repeatCount":0,"fillMode":"forwards","property":"hidden","duration":0.6667000000000001,"to":{"scalar":true}}],"beginTime":0,"fillMode":"both","duration":1}],"layers":[],"initialState":{"affineTransform":[1,0,0,1,0,0],"masksToBounds":false,"rotation":0,"scale":1,"position":{"pointX":93.33333587646484,"pointY":70},"width":204,"sublayerTransform":[1,0,0,0,0,1,0,0,0,0,1,0,0,0,0,1],"contentsRect":{"y":0,"x":0,"width":1,"height":1},"opacity":1,"edgeAntialiasingMask":0,"height":158,"hidden":false,"anchorPoint":{"pointX":0.5016339993944355,"pointY":0.5}},"texture":"5082CB3B3F558FB5B4CA8C17AF539B13"}]},{"animations":[{"repeatCount":0,"animations":[{"from":{"scalar":0.017},"beginTime":0,"repeatCount":0,"fillMode":"both","property":"zPosition","duration":1,"timingFunction":"easeInEaseOut","to":{"scalar":0.017}}],"beginTime":0,"fillMode":"both","duration":1}],"initialState":{"affineTransform":[1,0,0,1,0,0],"masksToBounds":false,"rotation":0,"scale":1,"position":{"pointX":147.7337112426758,"pointY":569.3504028320312},"width":214.7239532470703,"sublayerTransform":[1,0,0,0,0,1,0,0,0,0,1,0,0,0,0,1],"contentsRect":{"y":0,"x":0,"width":1,"height":1},"opacity":1,"edgeAntialiasingMask":15,"height":140,"hidden":false,"anchorPoint":{"pointX":0.5,"pointY":0.5}},"layers":[{"animations":[{"repeatCount":0,"animations":[{"from":{"scalar":1},"beginTime":0,"repeatCount":0,"fillMode":"forwards","property":"opacity","duration":0.3333,"timingFunction":"easeInEaseOut","to":{"scalar":0}},{"from":{"scalar":true},"beginTime":0.3333,"repeatCount":0,"fillMode":"forwards","property":"hidden","duration":0.6667000000000001,"to":{"scalar":true}}],"beginTime":0,"fillMode":"both","duration":1}],"layers":[],"initialState":{"affineTransform":[1,0,0,1,0,0],"masksToBounds":false,"rotation":0,"scale":1,"position":{"pointX":107.3619766235352,"pointY":70},"width":232,"sublayerTransform":[1,0,0,0,0,1,0,0,0,0,1,0,0,0,0,1],"contentsRect":{"y":0,"x":0,"width":1,"height":1},"opacity":1,"edgeAntialiasingMask":0,"height":158,"hidden":false,"anchorPoint":{"pointX":0.4988522036322232,"pointY":0.5022177394432358}},"texture":"315C18EBFDEED1D6149D9112542ADAE3"}]}]},"effects":[],"duration":1,"type":"transition","name":"apple:magic-move-implied-motion-path","objectID":"0"}],"automaticPlay":false,"hyperlinks":[],"accessibility":[{"text":"Thomas Höllt  //  Ovis: A Framework for Visual Analysis of Ocean Forecast Ensembles  // 13th Jan 2015 //   ","targetRectangle":{"y":691,"x":391.6400000000004,"width":869.0399999999994,"height":23.46014404296875}},{"text":"image19.jpg","targetRectangle":{"y":500,"x":298,"width":186.6666717529297,"height":140}},{"text":"image18.png","targetRectangle":{"y":500.4803466796875,"x":526.7562255859375,"width":180,"height":140}},{"text":"1000px-KAUST_Logo.svg.png","targetRectangle":{"y":16,"x":1198.996459960938,"width":65,"height":64.10344696044922}},{"text":"redsea.png","targetRectangle":{"y":143.3844604492188,"x":849,"width":370,"height":547.6155395507812}},{"text":"Data acquisition","targetRectangle":{"y":172,"x":63.00000059604645,"width":212.84,"height":75.08224487304688}},{"text":"Remote sensing","targetRectangle":{"y":248,"x":93.00000059604645,"width":221.068,"height":75.08224487304688}},{"text":"Ship observations (Aegaeo)","targetRectangle":{"y":324,"x":93.00000059604645,"width":370.906,"height":75.08224487304688}},{"text":"Autonomous vehicles // gliders","targetRectangle":{"y":400,"x":93.00000059604645,"width":417.588,"height":39.08224487304688}},{"text":"Red Sea Exploration","targetRectangle":{"y":17,"x":39,"width":483.36,"height":69.38043212890625}},{"text":"GMSV-Review-Example-16by9.png","targetRectangle":{"y":-1,"x":0,"width":1280,"height":121}},{"text":"￼","targetRectangle":{"y":691,"x":1253.5,"width":22.24000000000001,"height":23.46014404296875}},{"text":"image21.png","targetRectangle":{"y":499.3504028320312,"x":40.37173461914062,"width":214.7239532470703,"height":140}}],"baseLayer":{"animations":[],"initialState":{"affineTransform":[1,0,0,1,0,0],"masksToBounds":true,"rotation":0,"scale":1,"position":{"pointX":640,"pointY":360},"width":1280,"sublayerTransform":[1,0,0,0,0,1,0,0,0,0,1,0,0,0,0,1],"contentsRect":{"y":0,"x":0,"width":1,"height":1},"opacity":1,"edgeAntialiasingMask":0,"height":720,"hidden":false,"anchorPoint":{"pointX":0.5,"pointY":0.5}},"objectID":"0","layers":[{"animations":[],"initialState":{"affineTransform":[1,0,0,1,0,0],"masksToBounds":false,"rotation":0,"scale":1,"position":{"pointX":640,"pointY":360},"width":1280,"sublayerTransform":[1,0,0,0,0,1,0,0,0,0,1,-0.0005251186870016398,0,0,0,1],"contentsRect":{"y":0,"x":0,"width":1,"height":1},"opacity":1,"edgeAntialiasingMask":15,"height":720,"hidden":false,"anchorPoint":{"pointX":0.5,"pointY":0.5}},"layers":[{"animations":[],"initialState":{"affineTransform":[1,0,0,1,0,0],"masksToBounds":false,"rotation":0,"scale":1,"position":{"pointX":640,"pointY":360},"width":1280,"sublayerTransform":[1,0,0,0,0,1,0,0,0,0,1,0,0,0,0,1],"contentsRect":{"y":0,"x":0,"width":1,"height":1},"opacity":1,"edgeAntialiasingMask":15,"height":720,"hidden":false,"anchorPoint":{"pointX":0.5,"pointY":0.5}},"layers":[{"animations":[],"layers":[],"initialState":{"affineTransform":[1,0,0,1,0,0],"masksToBounds":false,"rotation":0,"scale":1,"position":{"pointX":640,"pointY":360},"width":1280,"sublayerTransform":[1,0,0,0,0,1,0,0,0,0,1,0,0,0,0,1],"contentsRect":{"y":0,"x":0,"width":1,"height":1},"opacity":1,"edgeAntialiasingMask":0,"height":720,"hidden":false,"anchorPoint":{"pointX":0.5,"pointY":0.5}},"texture":"73FBF9D3D9D3E7A751916EA8CE9D78F7"}]}]},{"animations":[],"initialState":{"affineTransform":[1,0,0,1,0,0],"masksToBounds":false,"rotation":0,"scale":1,"position":{"pointX":640,"pointY":59.5},"width":1280,"sublayerTransform":[1,0,0,0,0,1,0,0,0,0,1,0,0,0,0,1],"contentsRect":{"y":0,"x":0,"width":1,"height":1},"opacity":1,"edgeAntialiasingMask":15,"height":121,"hidden":false,"anchorPoint":{"pointX":0.5,"pointY":0.5}},"layers":[{"animations":[],"layers":[],"initialState":{"affineTransform":[1,0,0,1,0,0],"masksToBounds":false,"rotation":0,"scale":1,"position":{"pointX":640,"pointY":60.5},"width":1462,"sublayerTransform":[1,0,0,0,0,1,0,0,0,0,1,0,0,0,0,1],"contentsRect":{"y":0,"x":0,"width":1,"height":1},"opacity":1,"edgeAntialiasingMask":0,"height":303,"hidden":false,"anchorPoint":{"pointX":0.5,"pointY":0.5}},"texture":"644C434DD699FD272341E53EE353E0B8"}]},{"animations":[],"initialState":{"affineTransform":[1,0,0,1,0,0],"masksToBounds":false,"rotation":0,"scale":1,"position":{"pointX":1231.496459960938,"pointY":48.05172348022461},"width":65,"sublayerTransform":[1,0,0,0,0,1,0,0,0,0,1,0,0,0,0,1],"contentsRect":{"y":0,"x":0,"width":1,"height":1},"opacity":1,"edgeAntialiasingMask":15,"height":64.10344696044922,"hidden":false,"anchorPoint":{"pointX":0.5,"pointY":0.5}},"layers":[{"animations":[],"layers":[],"initialState":{"affineTransform":[1,0,0,1,0,0],"masksToBounds":false,"rotation":0,"scale":1,"position":{"pointX":32.5,"pointY":32.05172348022461},"width":68,"sublayerTransform":[1,0,0,0,0,1,0,0,0,0,1,0,0,0,0,1],"contentsRect":{"y":0,"x":0,"width":1,"height":1},"opacity":1,"edgeAntialiasingMask":0,"height":67,"hidden":false,"anchorPoint":{"pointX":0.5073008817784926,"pointY":0.4933093056749941}},"texture":"2CA2FBB4541AB81EC785B18D7ED7BEA0"}]},{"animations":[],"initialState":{"affineTransform":[1,0,0,1,0,0],"masksToBounds":false,"rotation":0,"scale":1,"position":{"pointX":624,"pointY":703},"width":1248,"sublayerTransform":[1,0,0,0,0,1,0,0,0,0,1,0,0,0,0,1],"contentsRect":{"y":0,"x":0,"width":1,"height":1},"opacity":1,"edgeAntialiasingMask":15,"height":32,"hidden":false,"anchorPoint":{"pointX":0.5,"pointY":0.5}},"layers":[{"animations":[],"layers":[],"initialState":{"affineTransform":[1,0,0,1,0,0],"masksToBounds":false,"rotation":0,"scale":1,"position":{"pointX":823.5,"pointY":17.5},"width":856,"sublayerTransform":[1,0,0,0,0,1,0,0,0,0,1,0,0,0,0,1],"contentsRect":{"y":0,"x":0,"width":1,"height":1},"opacity":1,"edgeAntialiasingMask":0,"height":21,"hidden":false,"anchorPoint":{"pointX":0.5064252336448598,"pointY":0.5}},"texture":"11CD4BDB0330E9A615674BAD68E734B9"}]},{"animations":[],"initialState":{"affineTransform":[1,0,0,1,0,0],"masksToBounds":false,"rotation":0,"scale":1,"position":{"pointX":603,"pointY":51.5},"width":1136,"sublayerTransform":[1,0,0,0,0,1,0,0,0,0,1,0,0,0,0,1],"contentsRect":{"y":0,"x":0,"width":1,"height":1},"opacity":1,"edgeAntialiasingMask":15,"height":83,"hidden":false,"anchorPoint":{"pointX":0.5,"pointY":0.5}},"layers":[{"animations":[],"layers":[],"initialState":{"affineTransform":[1,0,0,1,0,0],"masksToBounds":false,"rotation":0,"scale":1,"position":{"pointX":246,"pointY":47},"width":480,"sublayerTransform":[1,0,0,0,0,1,0,0,0,0,1,0,0,0,0,1],"contentsRect":{"y":0,"x":0,"width":1,"height":1},"opacity":1,"edgeAntialiasingMask":0,"height":58,"hidden":false,"anchorPoint":{"pointX":0.5,"pointY":0.5}},"texture":"D1C095F9C82C0C3072D5F4F4646D79D5"}]},{"animations":[],"initialState":{"affineTransform":[1,0,0,1,0,0],"masksToBounds":false,"rotation":0,"scale":1,"position":{"pointX":405,"pointY":417},"width":740,"sublayerTransform":[1,0,0,0,0,1,0,0,0,0,1,0,0,0,0,1],"contentsRect":{"y":0,"x":0,"width":1,"height":1},"opacity":1,"edgeAntialiasingMask":15,"height":498,"hidden":false,"anchorPoint":{"pointX":0.5,"pointY":0.5}},"layers":[{"animations":[],"layers":[],"initialState":{"affineTransform":[1,0,0,1,0,0],"masksToBounds":false,"rotation":0,"scale":1,"position":{"pointX":240,"pointY":141},"width":245,"sublayerTransform":[1,0,0,0,0,1,0,0,0,0,1,0,0,0,0,1],"contentsRect":{"y":0,"x":0,"width":1,"height":1},"opacity":1,"edgeAntialiasingMask":0,"height":34,"hidden":false,"anchorPoint":{"pointX":0.8408163265306122,"pointY":1.617647058823529}},"texture":"6128656F8544BCD9CFE9A2035912F97C"}]},{"animations":[],"initialState":{"affineTransform":[1,0,0,1,0,0],"masksToBounds":false,"rotation":0,"scale":1,"position":{"pointX":405,"pointY":417},"width":740,"sublayerTransform":[1,0,0,0,0,1,0,0,0,0,1,0,0,0,0,1],"contentsRect":{"y":0,"x":0,"width":1,"height":1},"opacity":1,"edgeAntialiasingMask":15,"height":498,"hidden":false,"anchorPoint":{"pointX":0.5,"pointY":0.5}},"layers":[{"animations":[],"layers":[],"initialState":{"affineTransform":[1,0,0,1,0,0],"masksToBounds":false,"rotation":0,"scale":1,"position":{"pointX":240,"pointY":141},"width":236,"sublayerTransform":[1,0,0,0,0,1,0,0,0,0,1,0,0,0,0,1],"contentsRect":{"y":0,"x":0,"width":1,"height":1},"opacity":1,"edgeAntialiasingMask":0,"height":33,"hidden":false,"anchorPoint":{"pointX":1,"pointY":3.96969696969697}},"texture":"A49740834BCA92A6820BACF0E2E24A35"}]},{"animations":[],"initialState":{"affineTransform":[1,0,0,1,0,0],"masksToBounds":false,"rotation":0,"scale":1,"position":{"pointX":405,"pointY":417},"width":740,"sublayerTransform":[1,0,0,0,0,1,0,0,0,0,1,0,0,0,0,1],"contentsRect":{"y":0,"x":0,"width":1,"height":1},"opacity":1,"edgeAntialiasingMask":15,"height":498,"hidden":false,"anchorPoint":{"pointX":0.5,"pointY":0.5}},"layers":[{"animations":[],"layers":[],"initialState":{"affineTransform":[1,0,0,1,0,0],"masksToBounds":false,"rotation":0,"scale":1,"position":{"pointX":240,"pointY":141},"width":394,"sublayerTransform":[1,0,0,0,0,1,0,0,0,0,1,0,0,0,0,1],"contentsRect":{"y":0,"x":0,"width":1,"height":1},"opacity":1,"edgeAntialiasingMask":0,"height":35,"hidden":false,"anchorPoint":{"pointX":0.5228426395939086,"pointY":-0.5714285714285714}},"texture":"273C0E41DA0BA24618D06B718AC10027"}]},{"animations":[],"initialState":{"affineTransform":[1,0,0,1,0,0],"masksToBounds":false,"rotation":0,"scale":1,"position":{"pointX":405,"pointY":417},"width":740,"sublayerTransform":[1,0,0,0,0,1,0,0,0,0,1,0,0,0,0,1],"contentsRect":{"y":0,"x":0,"width":1,"height":1},"opacity":1,"edgeAntialiasingMask":15,"height":498,"hidden":false,"anchorPoint":{"pointX":0.5,"pointY":0.5}},"layers":[{"animations":[],"layers":[],"initialState":{"affineTransform":[1,0,0,1,0,0],"masksToBounds":false,"rotation":0,"scale":1,"position":{"pointX":240,"pointY":141},"width":442,"sublayerTransform":[1,0,0,0,0,1,0,0,0,0,1,0,0,0,0,1],"contentsRect":{"y":0,"x":0,"width":1,"height":1},"opacity":1,"edgeAntialiasingMask":0,"height":35,"hidden":false,"anchorPoint":{"pointX":0.4660633484162896,"pointY":-2.742857142857143}},"texture":"BB9563ECA50E5AD6A760C30FE32D6C8B"}]},{"animations":[],"initialState":{"affineTransform":[1,0,0,1,0,0],"masksToBounds":false,"rotation":0,"scale":1,"position":{"pointX":1265.120000703333,"pointY":702.7300718426704},"width":31.24000140666612,"sublayerTransform":[1,0,0,0,0,1,0,0,0,0,1,0,0,0,0,1],"contentsRect":{"y":0,"x":0,"width":1,"height":1},"opacity":1,"edgeAntialiasingMask":15,"height":31.46014368534088,"hidden":false,"anchorPoint":{"pointX":0.5,"pointY":0.5}},"layers":[{"animations":[],"layers":[],"initialState":{"affineTransform":[1,0,0,1,0,0],"masksToBounds":false,"rotation":0,"scale":1,"position":{"pointX":15,"pointY":16.5},"width":25,"sublayerTransform":[1,0,0,0,0,1,0,0,0,0,1,0,0,0,0,1],"contentsRect":{"y":0,"x":0,"width":1,"height":1},"opacity":1,"edgeAntialiasingMask":0,"height":17,"hidden":false,"anchorPoint":{"pointX":0.5,"pointY":0.5}},"texture":"E48ADE8928FB063D599E902EC5A40F4C"}]},{"animations":[],"initialState":{"affineTransform":[1,0,0,1,0,0],"masksToBounds":false,"rotation":0,"scale":1,"position":{"pointX":1034,"pointY":417.1922302246094},"width":370,"sublayerTransform":[1,0,0,0,0,1,0,0,0,0,1,0,0,0,0,1],"contentsRect":{"y":0,"x":0,"width":1,"height":1},"opacity":1,"edgeAntialiasingMask":15,"height":547.6155395507812,"hidden":false,"anchorPoint":{"pointX":0.5,"pointY":0.5}},"layers":[{"animations":[],"layers":[],"initialState":{"affineTransform":[1,0,0,1,0,0],"masksToBounds":false,"rotation":0,"scale":1,"position":{"pointX":185,"pointY":273.8077697753906},"width":372,"sublayerTransform":[1,0,0,0,0,1,0,0,0,0,1,0,0,0,0,1],"contentsRect":{"y":0,"x":0,"width":1,"height":1},"opacity":1,"edgeAntialiasingMask":0,"height":550,"hidden":false,"anchorPoint":{"pointX":0.5,"pointY":0.5003495094992898}},"texture":"1E92BA3FBDFC4FD021C6BE6C5FABE036"}]},{"animations":[],"initialState":{"affineTransform":[1,0,0,1,0,0],"masksToBounds":false,"rotation":0,"scale":1,"position":{"pointX":753.9999998527833,"pointY":323.9999998636376},"width":31.00000031926686,"sublayerTransform":[1,0,0,0,0,1,0,0,0,0,1,0,0,0,0,1],"contentsRect":{"y":0,"x":0,"width":1,"height":1},"opacity":1,"edgeAntialiasingMask":15,"height":30.99999996569386,"hidden":false,"anchorPoint":{"pointX":0.5,"pointY":0.5}},"layers":[{"animations":[],"layers":[],"initialState":{"affineTransform":[1,0,0,1,0,0],"masksToBounds":false,"rotation":0,"scale":1,"position":{"pointX":16.0000003068501,"pointY":15.50000011920929},"width":35,"sublayerTransform":[1,0,0,0,0,1,0,0,0,0,1,0,0,0,0,1],"contentsRect":{"y":0,"x":0,"width":1,"height":1},"opacity":1,"edgeAntialiasingMask":0,"height":34,"hidden":true,"anchorPoint":{"pointX":0.5,"pointY":0.5}},"texture":"A20739EEC2AE067A09BCE033B9B4A677"}]},{"animations":[],"initialState":{"affineTransform":[1,0,0,1,0,0],"masksToBounds":false,"rotation":0,"scale":1,"position":{"pointX":819.7420654296875,"pointY":303.5},"width":120,"sublayerTransform":[1,0,0,0,0,1,0,0,0,0,1,0,0,0,0,1],"contentsRect":{"y":0,"x":0,"width":1,"height":1},"opacity":1,"edgeAntialiasingMask":15,"height":43.12979030609131,"hidden":false,"anchorPoint":{"pointX":0.5,"pointY":0.5}},"layers":[{"animations":[],"layers":[],"initialState":{"affineTransform":[1,0,0,1,0,0],"masksToBounds":false,"rotation":0,"scale":1,"position":{"pointX":60.7579345703125,"pointY":21.56489515304565},"width":97,"sublayerTransform":[1,0,0,0,0,1,0,0,0,0,1,0,0,0,0,1],"contentsRect":{"y":0,"x":0,"width":1,"height":1},"opacity":1,"edgeAntialiasingMask":0,"height":27,"hidden":true,"anchorPoint":{"pointX":0.5,"pointY":0.5}},"texture":"7BDF93801ABA285197D76CF888EBBB8C"}]},{"animations":[],"initialState":{"affineTransform":[1,0,0,1,0,0],"masksToBounds":false,"rotation":0,"scale":1,"position":{"pointX":-346.5,"pointY":363.5},"width":679,"sublayerTransform":[1,0,0,0,0,1,0,0,0,0,1,0,0,0,0,1],"contentsRect":{"y":0,"x":0,"width":1,"height":1},"opacity":1,"edgeAntialiasingMask":15,"height":765,"hidden":false,"anchorPoint":{"pointX":0.5,"pointY":0.5}},"layers":[{"animations":[],"layers":[],"initialState":{"affineTransform":[1,0,0,1,0,0],"masksToBounds":false,"rotation":0,"scale":1,"position":{"pointX":339.5,"pointY":382.5},"width":681,"sublayerTransform":[1,0,0,0,0,1,0,0,0,0,1,0,0,0,0,1],"contentsRect":{"y":0,"x":0,"width":1,"height":1},"opacity":1,"edgeAntialiasingMask":0,"height":767,"hidden":true,"anchorPoint":{"pointX":0.5,"pointY":0.5}},"texture":"1D539F08562EA09458109598F571F7EE"}]},{"animations":[],"initialState":{"affineTransform":[1,0,0,1,0,0],"masksToBounds":false,"rotation":0,"scale":1,"position":{"pointX":616.7562255859375,"pointY":570.4803466796875},"width":180,"sublayerTransform":[1,0,0,0,0,1,0,0,0,0,1,0,0,0,0,1],"contentsRect":{"y":0,"x":0,"width":1,"height":1},"opacity":1,"edgeAntialiasingMask":15,"height":140,"hidden":false,"anchorPoint":{"pointX":0.5,"pointY":0.5}},"layers":[{"animations":[],"layers":[],"initialState":{"affineTransform":[1,0,0,1,0,0],"masksToBounds":false,"rotation":0,"scale":1,"position":{"pointX":89.5060383230432,"pointY":70.4332632505516},"width":193,"sublayerTransform":[1,0,0,0,0,1,0,0,0,0,1,0,0,0,0,1],"contentsRect":{"y":0,"x":0,"width":1,"height":1},"opacity":0.6000000238418579,"edgeAntialiasingMask":0,"height":153,"hidden":false,"anchorPoint":{"pointX":0.4935868596320244,"pointY":0.4896314374525432}},"texture":"F06BB1DC169496EA603F56C136F0E70D"}]},{"animations":[],"initialState":{"affineTransform":[1,0,0,1,0,0],"masksToBounds":false,"rotation":0,"scale":1,"position":{"pointX":616.7562255859375,"pointY":570.4803466796875},"width":180,"sublayerTransform":[1,0,0,0,0,1,0,0,0,0,1,0,0,0,0,1],"contentsRect":{"y":0,"x":0,"width":1,"height":1},"opacity":1,"edgeAntialiasingMask":15,"height":140,"hidden":false,"anchorPoint":{"pointX":0.5,"pointY":0.5}},"layers":[{"animations":[],"layers":[],"initialState":{"affineTransform":[1,0,0,1,0,0],"masksToBounds":false,"rotation":0,"scale":1,"position":{"pointX":90,"pointY":70},"width":183,"sublayerTransform":[1,0,0,0,0,1,0,0,0,0,1,0,0,0,0,1],"contentsRect":{"y":0,"x":0,"width":1,"height":1},"opacity":1,"edgeAntialiasingMask":0,"height":143,"hidden":false,"anchorPoint":{"pointX":0.5014001398138661,"pointY":0.4998625641936189}},"texture":"76F2E6668C623755FDBD838F18B91B53"}]},{"animations":[],"initialState":{"affineTransform":[1,0,0,1,0,0],"masksToBounds":false,"rotation":0,"scale":1,"position":{"pointX":391.3333358764648,"pointY":570},"width":186.6666717529297,"sublayerTransform":[1,0,0,0,0,1,0,0,0,0,1,0,0,0,0,1],"contentsRect":{"y":0,"x":0,"width":1,"height":1},"opacity":1,"edgeAntialiasingMask":15,"height":140,"hidden":false,"anchorPoint":{"pointX":0.5,"pointY":0.5}},"layers":[{"animations":[],"layers":[],"initialState":{"affineTransform":[1,0,0,1,0,0],"masksToBounds":false,"rotation":0,"scale":1,"position":{"pointX":93.33333587646484,"pointY":70},"width":204,"sublayerTransform":[1,0,0,0,0,1,0,0,0,0,1,0,0,0,0,1],"contentsRect":{"y":0,"x":0,"width":1,"height":1},"opacity":1,"edgeAntialiasingMask":0,"height":158,"hidden":false,"anchorPoint":{"pointX":0.5016339993944355,"pointY":0.5}},"texture":"5082CB3B3F558FB5B4CA8C17AF539B13"}]},{"animations":[],"initialState":{"affineTransform":[1,0,0,1,0,0],"masksToBounds":false,"rotation":0,"scale":1,"position":{"pointX":147.7337112426758,"pointY":569.3504028320312},"width":214.7239532470703,"sublayerTransform":[1,0,0,0,0,1,0,0,0,0,1,0,0,0,0,1],"contentsRect":{"y":0,"x":0,"width":1,"height":1},"opacity":1,"edgeAntialiasingMask":15,"height":140,"hidden":false,"anchorPoint":{"pointX":0.5,"pointY":0.5}},"layers":[{"animations":[],"layers":[],"initialState":{"affineTransform":[1,0,0,1,0,0],"masksToBounds":false,"rotation":0,"scale":1,"position":{"pointX":107.3619766235352,"pointY":70},"width":232,"sublayerTransform":[1,0,0,0,0,1,0,0,0,0,1,0,0,0,0,1],"contentsRect":{"y":0,"x":0,"width":1,"height":1},"opacity":1,"edgeAntialiasingMask":0,"height":158,"hidden":false,"anchorPoint":{"pointX":0.4988522036322232,"pointY":0.5022177394432358}},"texture":"315C18EBFDEED1D6149D9112542ADAE3"}]}]}}]}