{"assets":{"7FC0F556D7AA8811A3C798C12C4BC2C1":{"type":"texture","index":114,"assetRequest":{"byGlyphStyle":0,"deliveryStyle":0,"chunkIndex":0,"type":"chunk","chunkCount":1,"stageIndex":0,"stageCount":1},"url":"assets/7FC0F556D7AA8811A3C798C12C4BC2C1.svg","width":472.5558166503906,"height":320.7627868652344},"295ACD588B20EAC1B7192B1471AB39B9":{"type":"texture","index":112,"assetRequest":{"type":"slide","state":"contents","slide":"1E10B69A-76F1-4975-BE2A-2E1223682E11"},"url":"assets/295ACD588B20EAC1B7192B1471AB39B9.svg","width":475,"height":328},"2CA2FBB4541AB81EC785B18D7ED7BEA0":{"type":"texture","index":108,"assetRequest":{"type":"slide","state":"contents","slide":"1E10B69A-76F1-4975-BE2A-2E1223682E11"},"url":"assets/2CA2FBB4541AB81EC785B18D7ED7BEA0.svg","width":68,"height":67},"9A046178AEC6710C6BF1CC8904E1C2A0":{"url":"assets/9A046178AEC6710C6BF1CC8904E1C2A0.svg","height":304.7627868652344,"movie":"reservoir-756-831.m4v-0.0000-7.7520","width":456.5558166503906,"type":"texture","assetRequest":{"byGlyphStyle":0,"deliveryStyle":0,"chunkIndex":0,"type":"chunk","chunkCount":1,"stageIndex":0,"stageCount":1},"index":116},"B457BCDA7968B00D46FAA081C8F05399":{"type":"texture","index":110,"assetRequest":{"type":"slide","state":"contents","slide":"1E10B69A-76F1-4975-BE2A-2E1223682E11"},"url":"assets/B457BCDA7968B00D46FAA081C8F05399.svg","width":188,"height":48},"55278D95A73D15106F1837F58D8765B7":{"type":"texture","index":109,"assetRequest":{"type":"slide","state":"contents","slide":"1E10B69A-76F1-4975-BE2A-2E1223682E11"},"url":"assets/55278D95A73D15106F1837F58D8765B7.svg","width":867,"height":21},"C9D896A9EACA23CD089A3B381EA79676":{"type":"texture","index":111,"assetRequest":{"type":"slide","state":"contents","slide":"1E10B69A-76F1-4975-BE2A-2E1223682E11"},"url":"assets/C9D896A9EACA23CD089A3B381EA79676.svg","width":25,"height":17},"1BA297878F7D9EAA430103FB26D2EAD4":{"type":"texture","index":117,"assetRequest":{"type":"slide","state":"outgoing","slide":"1E10B69A-76F1-4975-BE2A-2E1223682E11"},"url":"assets/1BA297878F7D9EAA430103FB26D2EAD4.svg","width":1280,"height":720},"7FD96FD65160E41977E3C562FFAC604F":{"type":"texture","index":118,"assetRequest":{"type":"slide","state":"incoming","slide":"none"},"url":"assets/7FD96FD65160E41977E3C562FFAC604F.svg","width":1280,"height":720},"reservoir-756-831.m4v-0.0000-7.7520":{"type":"video","index":0,"assetRequest":{},"url":"assets/reservoir-756-831.m4v-0.0000-7.7520.m4v","width":776,"height":518},"512A6F41F53C6C05A6750CE541469506":{"type":"texture","index":113,"assetRequest":{"type":"slide","state":"contents","slide":"1E10B69A-76F1-4975-BE2A-2E1223682E11"},"url":"assets/512A6F41F53C6C05A6750CE541469506.svg","width":833,"height":315},"4259A0EDB45BA731014CC610054705FD":{"type":"texture","index":115,"assetRequest":{"byGlyphStyle":0,"deliveryStyle":0,"chunkIndex":0,"type":"chunk","chunkCount":1,"stageIndex":0,"stageCount":1},"url":"assets/4259A0EDB45BA731014CC610054705FD.svg","width":459,"height":308},"644C434DD699FD272341E53EE353E0B8":{"type":"texture","index":107,"assetRequest":{"type":"slide","state":"contents","slide":"1E10B69A-76F1-4975-BE2A-2E1223682E11"},"url":"assets/644C434DD699FD272341E53EE353E0B8.svg","width":1462,"height":303},"73FBF9D3D9D3E7A751916EA8CE9D78F7":{"type":"texture","index":106,"assetRequest":{"type":"slide","state":"contents","slide":"1E10B69A-76F1-4975-BE2A-2E1223682E11"},"url":"assets/73FBF9D3D9D3E7A751916EA8CE9D78F7.svg","width":1280,"height":720}},"events":[{"effects":[{"beginTime":0,"baseLayer":{"animations":[],"initialState":{"affineTransform":[1,0,0,1,0,0],"masksToBounds":false,"rotation":0,"scale":1,"position":{"pointX":252.5521583557129,"pointY":295.6767883300781},"width":456.5558166503906,"sublayerTransform":[1,0,0,0,0,1,0,0,0,0,1,0,0,0,0,1],"contentsRect":{"y":0,"x":0,"width":1,"height":1},"opacity":1,"edgeAntialiasingMask":15,"height":304.7627868652344,"hidden":false,"anchorPoint":{"pointX":0.5,"pointY":0.5}},"objectID":"B4A4CBFA-D137-4904-842B-4E62DF829B2B","layers":[{"animations":[],"initialState":{"affineTransform":[1,0,0,1,0,0],"masksToBounds":false,"rotation":0,"scale":1,"position":{"pointX":615.7257499694824,"pointY":216.7046051025391},"width":456.5558166503906,"sublayerTransform":[1,0,0,0,0,1,0,0,0,0,1,-0.0005251186870016398,0,0,0,1],"contentsRect":{"y":0,"x":0,"width":1,"height":1},"opacity":1,"edgeAntialiasingMask":15,"height":304.7627868652344,"hidden":false,"anchorPoint":{"pointX":1.348631925197827,"pointY":0.7110599273997501}},"layers":[{"animations":[{"repeatCount":0,"animations":[{"from":{"scalar":true},"beginTime":0,"repeatCount":0,"fillMode":"removed","property":"isPlaying","duration":0.01,"to":{"scalar":true}},{"from":{"scalar":false},"beginTime":0,"repeatCount":0,"fillMode":"removed","property":"hidden","duration":0.01,"to":{"scalar":false}}],"beginTime":1e-100,"fillMode":"both","duration":0.01}],"layers":[],"initialState":{"affineTransform":[1,0,0,1,0,0],"masksToBounds":false,"rotation":0,"scale":1,"position":{"pointX":228.2257499694824,"pointY":152.7046051025391},"width":475,"sublayerTransform":[1,0,0,0,0,1,0,0,0,0,1,0,0,0,0,1],"contentsRect":{"y":0,"x":0,"width":1,"height":1},"opacity":1,"edgeAntialiasingMask":0,"height":328,"hidden":false,"anchorPoint":{"pointX":0.5,"pointY":0.5}},"texture":"295ACD588B20EAC1B7192B1471AB39B9"}]}]},"effects":[{"beginTime":0,"baseLayer":{"animations":[],"initialState":{"affineTransform":[1,0,0,1,0,0],"masksToBounds":false,"rotation":0,"scale":1,"position":{"pointX":252.5521583557129,"pointY":295.6767883300781},"width":456.5558166503906,"sublayerTransform":[1,0,0,0,0,1,0,0,0,0,1,0,0,0,0,1],"contentsRect":{"y":0,"x":0,"width":1,"height":1},"opacity":1,"edgeAntialiasingMask":15,"height":304.7627868652344,"hidden":false,"anchorPoint":{"pointX":0.5,"pointY":0.5}},"objectID":"B4A4CBFA-D137-4904-842B-4E62DF829B2B","layers":[{"animations":[],"layers":[],"initialState":{"affineTransform":[1,0,0,1,0,0],"masksToBounds":false,"rotation":0,"scale":1,"position":{"pointX":228.2779083251953,"pointY":154.3813934326172},"width":472.5558166503906,"sublayerTransform":[1,0,0,0,0,1,0,0,0,0,1,0,0,0,0,1],"contentsRect":{"y":0,"x":0,"width":1,"height":1},"opacity":0.5,"edgeAntialiasingMask":0,"height":320.7627868652344,"hidden":false,"anchorPoint":{"pointX":0.5,"pointY":0.5}},"texture":"7FC0F556D7AA8811A3C798C12C4BC2C1"},{"animations":[],"layers":[],"initialState":{"affineTransform":[1,0,0,1,0,0],"masksToBounds":false,"rotation":0,"scale":1,"position":{"pointX":228.2257499694824,"pointY":152.7046051025391},"width":459,"sublayerTransform":[1,0,0,0,0,1,0,0,0,0,1,0,0,0,0,1],"contentsRect":{"y":0,"x":0,"width":1,"height":1},"opacity":1,"edgeAntialiasingMask":0,"height":308,"hidden":true,"anchorPoint":{"pointX":0.5,"pointY":0.5}},"texture":"4259A0EDB45BA731014CC610054705FD"},{"animations":[],"layers":[],"initialState":{"affineTransform":[1,0,0,1,0,0],"masksToBounds":false,"rotation":0,"scale":1,"position":{"pointX":228.2779083251953,"pointY":152.3813934326172},"width":456.5558166503906,"sublayerTransform":[1,0,0,0,0,1,0,0,0,0,1,0,0,0,0,1],"contentsRect":{"y":0,"x":0,"width":1,"height":1},"opacity":1,"edgeAntialiasingMask":15,"height":304.7627868652344,"hidden":false,"anchorPoint":{"pointX":0.5,"pointY":0.5}},"texture":"9A046178AEC6710C6BF1CC8904E1C2A0"}]},"effects":[],"movie":{"volume":1,"isStreaming":false,"isAudioOnly":false,"endTime":7.751999855041504,"startTime":0,"asset":"reservoir-756-831.m4v-0.0000-7.7520","loopMode":"looping"},"duration":0,"type":"buildIn","name":"renderMovie","objectID":"B4A4CBFA-D137-4904-842B-4E62DF829B2B"}],"duration":0.01,"type":"buildIn","name":"apple:movie-start","objectID":"B4A4CBFA-D137-4904-842B-4E62DF829B2B"}],"automaticPlay":true,"hyperlinks":[],"accessibility":[{"text":"1000px-KAUST_Logo.svg.png","targetRectangle":{"y":16,"x":1198.996459960938,"width":65,"height":64.10344696044922}},{"text":"Outlook","targetRectangle":{"y":17,"x":39,"width":184.44,"height":69.38043212890625}},{"text":"Thomas Höllt  //  Ovis: A Framework for Visual Analysis of Ocean Forecast Ensembles  // 13th Jan 2015 //   ","targetRectangle":{"y":691,"x":391.6400000000004,"width":869.0399999999994,"height":23.46014404296875}},{"text":"￼","targetRectangle":{"y":691,"x":1253.5,"width":22.24000000000001,"height":23.46014404296875}},{"text":"reservoir.png","targetRectangle":{"y":372.6297302246094,"x":435.6986083984375,"width":813.84033203125,"height":292.0798034667969}},{"text":"GMSV-Review-Example-16by9.png","targetRectangle":{"y":-1,"x":0,"width":1280,"height":121}}],"baseLayer":{"animations":[],"initialState":{"affineTransform":[1,0,0,1,0,0],"masksToBounds":true,"rotation":0,"scale":1,"position":{"pointX":640,"pointY":360},"width":1280,"sublayerTransform":[1,0,0,0,0,1,0,0,0,0,1,0,0,0,0,1],"contentsRect":{"y":0,"x":0,"width":1,"height":1},"opacity":1,"edgeAntialiasingMask":0,"height":720,"hidden":false,"anchorPoint":{"pointX":0.5,"pointY":0.5}},"layers":[{"animations":[],"initialState":{"affineTransform":[1,0,0,1,0,0],"masksToBounds":false,"rotation":0,"scale":1,"position":{"pointX":640,"pointY":360},"width":1280,"sublayerTransform":[1,0,0,0,0,1,0,0,0,0,1,0,0,0,0,1],"contentsRect":{"y":0,"x":0,"width":1,"height":1},"opacity":1,"edgeAntialiasingMask":15,"height":720,"hidden":false,"anchorPoint":{"pointX":0.5,"pointY":0.5}},"layers":[{"animations":[],"initialState":{"affineTransform":[1,0,0,1,0,0],"masksToBounds":false,"rotation":0,"scale":1,"position":{"pointX":640,"pointY":360},"width":1280,"sublayerTransform":[1,0,0,0,0,1,0,0,0,0,1,0,0,0,0,1],"contentsRect":{"y":0,"x":0,"width":1,"height":1},"opacity":1,"edgeAntialiasingMask":15,"height":720,"hidden":false,"anchorPoint":{"pointX":0.5,"pointY":0.5}},"layers":[{"animations":[],"layers":[],"initialState":{"affineTransform":[1,0,0,1,0,0],"masksToBounds":false,"rotation":0,"scale":1,"position":{"pointX":640,"pointY":360},"width":1280,"sublayerTransform":[1,0,0,0,0,1,0,0,0,0,1,0,0,0,0,1],"contentsRect":{"y":0,"x":0,"width":1,"height":1},"opacity":1,"edgeAntialiasingMask":0,"height":720,"hidden":false,"anchorPoint":{"pointX":0.5,"pointY":0.5}},"texture":"73FBF9D3D9D3E7A751916EA8CE9D78F7"}]}]},{"animations":[],"initialState":{"affineTransform":[1,0,0,1,0,0],"masksToBounds":false,"rotation":0,"scale":1,"position":{"pointX":640,"pointY":360},"width":1280,"sublayerTransform":[1,0,0,0,0,1,0,0,0,0,1,0,0,0,0,1],"contentsRect":{"y":0,"x":0,"width":1,"height":1},"opacity":1,"edgeAntialiasingMask":15,"height":720,"hidden":false,"anchorPoint":{"pointX":0.5,"pointY":0.5}},"layers":[{"animations":[],"initialState":{"affineTransform":[1,0,0,1,0,0],"masksToBounds":false,"rotation":0,"scale":1,"position":{"pointX":640,"pointY":59.5},"width":1280,"sublayerTransform":[1,0,0,0,0,1,0,0,0,0,1,0,0,0,0,1],"contentsRect":{"y":0,"x":0,"width":1,"height":1},"opacity":1,"edgeAntialiasingMask":15,"height":121,"hidden":false,"anchorPoint":{"pointX":0.5,"pointY":0.5}},"objectID":"078E0FF4-F211-4DB4-B723-85DF8047D1FA","layers":[{"animations":[],"layers":[],"initialState":{"affineTransform":[1,0,0,1,0,0],"masksToBounds":false,"rotation":0,"scale":1,"position":{"pointX":640,"pointY":60.5},"width":1462,"sublayerTransform":[1,0,0,0,0,1,0,0,0,0,1,0,0,0,0,1],"contentsRect":{"y":0,"x":0,"width":1,"height":1},"opacity":1,"edgeAntialiasingMask":0,"height":303,"hidden":false,"anchorPoint":{"pointX":0.5,"pointY":0.5}},"texture":"644C434DD699FD272341E53EE353E0B8"}]}]},{"animations":[],"initialState":{"affineTransform":[1,0,0,1,0,0],"masksToBounds":false,"rotation":0,"scale":1,"position":{"pointX":640,"pointY":360},"width":1280,"sublayerTransform":[1,0,0,0,0,1,0,0,0,0,1,0,0,0,0,1],"contentsRect":{"y":0,"x":0,"width":1,"height":1},"opacity":1,"edgeAntialiasingMask":15,"height":720,"hidden":false,"anchorPoint":{"pointX":0.5,"pointY":0.5}},"layers":[{"animations":[],"initialState":{"affineTransform":[1,0,0,1,0,0],"masksToBounds":false,"rotation":0,"scale":1,"position":{"pointX":1231.496459960938,"pointY":48.05172348022461},"width":65,"sublayerTransform":[1,0,0,0,0,1,0,0,0,0,1,0,0,0,0,1],"contentsRect":{"y":0,"x":0,"width":1,"height":1},"opacity":1,"edgeAntialiasingMask":15,"height":64.10344696044922,"hidden":false,"anchorPoint":{"pointX":0.5,"pointY":0.5}},"objectID":"222ECC80-B172-4292-8D7B-88FAA58890F3","layers":[{"animations":[],"layers":[],"initialState":{"affineTransform":[1,0,0,1,0,0],"masksToBounds":false,"rotation":0,"scale":1,"position":{"pointX":32.0035400390625,"pointY":32.5},"width":68,"sublayerTransform":[1,0,0,0,0,1,0,0,0,0,1,0,0,0,0,1],"contentsRect":{"y":0,"x":0,"width":1,"height":1},"opacity":1,"edgeAntialiasingMask":0,"height":67,"hidden":false,"anchorPoint":{"pointX":0.5,"pointY":0.5}},"texture":"2CA2FBB4541AB81EC785B18D7ED7BEA0"}]}]},{"animations":[],"initialState":{"affineTransform":[1,0,0,1,0,0],"masksToBounds":false,"rotation":0,"scale":1,"position":{"pointX":640,"pointY":360},"width":1280,"sublayerTransform":[1,0,0,0,0,1,0,0,0,0,1,0,0,0,0,1],"contentsRect":{"y":0,"x":0,"width":1,"height":1},"opacity":1,"edgeAntialiasingMask":15,"height":720,"hidden":false,"anchorPoint":{"pointX":0.5,"pointY":0.5}},"layers":[{"animations":[],"initialState":{"affineTransform":[1,0,0,1,0,0],"masksToBounds":false,"rotation":0,"scale":1,"position":{"pointX":624,"pointY":703},"width":1248,"sublayerTransform":[1,0,0,0,0,1,0,0,0,0,1,0,0,0,0,1],"contentsRect":{"y":0,"x":0,"width":1,"height":1},"opacity":1,"edgeAntialiasingMask":15,"height":32,"hidden":false,"anchorPoint":{"pointX":0.5,"pointY":0.5}},"objectID":"6CAE889C-7430-463D-AA5E-766025C22742","layers":[{"animations":[],"layers":[],"initialState":{"affineTransform":[1,0,0,1,0,0],"masksToBounds":false,"rotation":0,"scale":1,"position":{"pointX":823.5,"pointY":17.5},"width":867,"sublayerTransform":[1,0,0,0,0,1,0,0,0,0,1,0,0,0,0,1],"contentsRect":{"y":0,"x":0,"width":1,"height":1},"opacity":1,"edgeAntialiasingMask":0,"height":21,"hidden":false,"anchorPoint":{"pointX":0.5,"pointY":0.5}},"texture":"55278D95A73D15106F1837F58D8765B7"}]}]},{"animations":[],"initialState":{"affineTransform":[1,0,0,1,0,0],"masksToBounds":false,"rotation":0,"scale":1,"position":{"pointX":640,"pointY":360},"width":1280,"sublayerTransform":[1,0,0,0,0,1,0,0,0,0,1,0,0,0,0,1],"contentsRect":{"y":0,"x":0,"width":1,"height":1},"opacity":1,"edgeAntialiasingMask":15,"height":720,"hidden":false,"anchorPoint":{"pointX":0.5,"pointY":0.5}},"layers":[{"animations":[],"initialState":{"affineTransform":[1,0,0,1,0,0],"masksToBounds":false,"rotation":0,"scale":1,"position":{"pointX":603,"pointY":51.5},"width":1136,"sublayerTransform":[1,0,0,0,0,1,0,0,0,0,1,0,0,0,0,1],"contentsRect":{"y":0,"x":0,"width":1,"height":1},"opacity":1,"edgeAntialiasingMask":15,"height":83,"hidden":false,"anchorPoint":{"pointX":0.5,"pointY":0.5}},"objectID":"B137BBCF-802C-452B-B377-890584C8200C","layers":[{"animations":[],"layers":[],"initialState":{"affineTransform":[1,0,0,1,0,0],"masksToBounds":false,"rotation":0,"scale":1,"position":{"pointX":98,"pointY":42},"width":188,"sublayerTransform":[1,0,0,0,0,1,0,0,0,0,1,0,0,0,0,1],"contentsRect":{"y":0,"x":0,"width":1,"height":1},"opacity":1,"edgeAntialiasingMask":0,"height":48,"hidden":false,"anchorPoint":{"pointX":0.5,"pointY":0.5}},"texture":"B457BCDA7968B00D46FAA081C8F05399"}]}]},{"animations":[],"initialState":{"affineTransform":[1,0,0,1,0,0],"masksToBounds":false,"rotation":0,"scale":1,"position":{"pointX":640,"pointY":360},"width":1280,"sublayerTransform":[1,0,0,0,0,1,0,0,0,0,1,0,0,0,0,1],"contentsRect":{"y":0,"x":0,"width":1,"height":1},"opacity":1,"edgeAntialiasingMask":15,"height":720,"hidden":false,"anchorPoint":{"pointX":0.5,"pointY":0.5}},"layers":[{"animations":[],"initialState":{"affineTransform":[1,0,0,1,0,0],"masksToBounds":false,"rotation":0,"scale":1,"position":{"pointX":1265.120000703333,"pointY":702.7300718426704},"width":31.24000140666612,"sublayerTransform":[1,0,0,0,0,1,0,0,0,0,1,0,0,0,0,1],"contentsRect":{"y":0,"x":0,"width":1,"height":1},"opacity":1,"edgeAntialiasingMask":15,"height":31.46014368534088,"hidden":false,"anchorPoint":{"pointX":0.5,"pointY":0.5}},"objectID":"5A3E981C-5E0E-441B-A414-7C6A5C6C2309","layers":[{"animations":[],"layers":[],"initialState":{"affineTransform":[1,0,0,1,0,0],"masksToBounds":false,"rotation":0,"scale":1,"position":{"pointX":15,"pointY":16.5},"width":25,"sublayerTransform":[1,0,0,0,0,1,0,0,0,0,1,0,0,0,0,1],"contentsRect":{"y":0,"x":0,"width":1,"height":1},"opacity":1,"edgeAntialiasingMask":0,"height":17,"hidden":false,"anchorPoint":{"pointX":0.5,"pointY":0.5}},"texture":"C9D896A9EACA23CD089A3B381EA79676"}]}]},{"animations":[],"initialState":{"affineTransform":[1,0,0,1,0,0],"masksToBounds":false,"rotation":0,"scale":1,"position":{"pointX":640,"pointY":360},"width":1280,"sublayerTransform":[1,0,0,0,0,1,0,0,0,0,1,0,0,0,0,1],"contentsRect":{"y":0,"x":0,"width":1,"height":1},"opacity":1,"edgeAntialiasingMask":15,"height":720,"hidden":false,"anchorPoint":{"pointX":0.5,"pointY":0.5}},"layers":[{"animations":[],"initialState":{"affineTransform":[1,0,0,1,0,0],"masksToBounds":false,"rotation":0,"scale":1,"position":{"pointX":252.5521583557129,"pointY":295.6767883300781},"width":456.5558166503906,"sublayerTransform":[1,0,0,0,0,1,0,0,0,0,1,0,0,0,0,1],"contentsRect":{"y":0,"x":0,"width":1,"height":1},"opacity":1,"edgeAntialiasingMask":15,"height":304.7627868652344,"hidden":false,"anchorPoint":{"pointX":0.5,"pointY":0.5}},"objectID":"B4A4CBFA-D137-4904-842B-4E62DF829B2B","layers":[{"animations":[],"layers":[],"initialState":{"affineTransform":[1,0,0,1,0,0],"masksToBounds":false,"rotation":0,"scale":1,"position":{"pointX":228.2257499694824,"pointY":152.7046051025391},"width":475,"sublayerTransform":[1,0,0,0,0,1,0,0,0,0,1,0,0,0,0,1],"contentsRect":{"y":0,"x":0,"width":1,"height":1},"opacity":1,"edgeAntialiasingMask":0,"height":328,"hidden":false,"anchorPoint":{"pointX":0.5,"pointY":0.5}},"texture":"295ACD588B20EAC1B7192B1471AB39B9"}]}]},{"animations":[],"initialState":{"affineTransform":[1,0,0,1,0,0],"masksToBounds":false,"rotation":0,"scale":1,"position":{"pointX":640,"pointY":360},"width":1280,"sublayerTransform":[1,0,0,0,0,1,0,0,0,0,1,0,0,0,0,1],"contentsRect":{"y":0,"x":0,"width":1,"height":1},"opacity":1,"edgeAntialiasingMask":15,"height":720,"hidden":false,"anchorPoint":{"pointX":0.5,"pointY":0.5}},"layers":[{"animations":[],"initialState":{"affineTransform":[1,0,0,1,0,0],"masksToBounds":false,"rotation":0,"scale":1,"position":{"pointX":842.6187744140625,"pointY":518.6696319580078},"width":813.84033203125,"sublayerTransform":[1,0,0,0,0,1,0,0,0,0,1,0,0,0,0,1],"contentsRect":{"y":0,"x":0,"width":1,"height":1},"opacity":1,"edgeAntialiasingMask":15,"height":292.0798034667969,"hidden":false,"anchorPoint":{"pointX":0.5,"pointY":0.5}},"objectID":"0D113F45-44F9-4897-AAB1-C307B03A09D8","layers":[{"animations":[],"layers":[],"initialState":{"affineTransform":[1,0,0,1,0,0],"masksToBounds":false,"rotation":0,"scale":1,"position":{"pointX":406.8013916015625,"pointY":145.8702697753906},"width":833,"sublayerTransform":[1,0,0,0,0,1,0,0,0,0,1,0,0,0,0,1],"contentsRect":{"y":0,"x":0,"width":1,"height":1},"opacity":1,"edgeAntialiasingMask":0,"height":315,"hidden":false,"anchorPoint":{"pointX":0.5,"pointY":0.5}},"texture":"512A6F41F53C6C05A6750CE541469506"}]}]}]}},{"effects":[{"beginTime":0,"baseLayer":{"animations":[],"initialState":{"affineTransform":[1,0,0,1,0,0],"masksToBounds":true,"rotation":0,"scale":1,"position":{"pointX":640,"pointY":360},"width":1280,"sublayerTransform":[1,0,0,0,0,1,0,0,0,0,1,0,0,0,0,1],"contentsRect":{"y":0,"x":0,"width":1,"height":1},"opacity":1,"edgeAntialiasingMask":0,"height":720,"hidden":false,"anchorPoint":{"pointX":0.5,"pointY":0.5}},"objectID":"0","layers":[{"animations":[],"initialState":{"affineTransform":[1,0,0,1,0,0],"masksToBounds":false,"rotation":0,"scale":1,"position":{"pointX":640,"pointY":360},"width":1280,"sublayerTransform":[1,0,0,0,0,1,0,0,0,0,1,-0.0005251186870016398,0,0,0,1],"contentsRect":{"y":0,"x":0,"width":1,"height":1},"opacity":1,"edgeAntialiasingMask":15,"height":720,"hidden":false,"anchorPoint":{"pointX":0.5,"pointY":0.5}},"layers":[{"animations":[],"layers":[],"initialState":{"affineTransform":[1,0,0,1,0,0],"masksToBounds":false,"rotation":0,"scale":1,"position":{"pointX":640,"pointY":360},"width":1280,"sublayerTransform":[1,0,0,0,0,1,0,0,0,0,1,0,0,0,0,1],"contentsRect":{"y":0,"x":0,"width":1,"height":1},"opacity":1,"edgeAntialiasingMask":0,"height":720,"hidden":false,"anchorPoint":{"pointX":0.5,"pointY":0.5}},"texture":"7FD96FD65160E41977E3C562FFAC604F"},{"animations":[{"from":{"scalar":false},"beginTime":0,"repeatCount":0,"fillMode":"both","property":"hidden","duration":0.01,"to":{"scalar":true}}],"layers":[],"initialState":{"affineTransform":[1,0,0,1,0,0],"masksToBounds":false,"rotation":0,"scale":1,"position":{"pointX":640,"pointY":360},"width":1280,"sublayerTransform":[1,0,0,0,0,1,0,0,0,0,1,0,0,0,0,1],"contentsRect":{"y":0,"x":0,"width":1,"height":1},"opacity":1,"edgeAntialiasingMask":0,"height":720,"hidden":false,"anchorPoint":{"pointX":0.5,"pointY":0.5}},"texture":"1BA297878F7D9EAA430103FB26D2EAD4"}]}]},"effects":[],"duration":0.01,"type":"transition","name":"none","objectID":"0"}],"automaticPlay":false,"hyperlinks":[],"accessibility":[{"text":"1000px-KAUST_Logo.svg.png","targetRectangle":{"y":16,"x":1198.996459960938,"width":65,"height":64.10344696044922}},{"text":"Outlook","targetRectangle":{"y":17,"x":39,"width":184.44,"height":69.38043212890625}},{"text":"Thomas Höllt  //  Ovis: A Framework for Visual Analysis of Ocean Forecast Ensembles  // 13th Jan 2015 //   ","targetRectangle":{"y":691,"x":391.6400000000004,"width":869.0399999999994,"height":23.46014404296875}},{"text":"￼","targetRectangle":{"y":691,"x":1253.5,"width":22.24000000000001,"height":23.46014404296875}},{"text":"reservoir.png","targetRectangle":{"y":372.6297302246094,"x":435.6986083984375,"width":813.84033203125,"height":292.0798034667969}},{"text":"GMSV-Review-Example-16by9.png","targetRectangle":{"y":-1,"x":0,"width":1280,"height":121}}],"baseLayer":{"animations":[],"initialState":{"affineTransform":[1,0,0,1,0,0],"masksToBounds":true,"rotation":0,"scale":1,"position":{"pointX":640,"pointY":360},"width":1280,"sublayerTransform":[1,0,0,0,0,1,0,0,0,0,1,0,0,0,0,1],"contentsRect":{"y":0,"x":0,"width":1,"height":1},"opacity":1,"edgeAntialiasingMask":0,"height":720,"hidden":false,"anchorPoint":{"pointX":0.5,"pointY":0.5}},"objectID":"0","layers":[{"animations":[],"initialState":{"affineTransform":[1,0,0,1,0,0],"masksToBounds":false,"rotation":0,"scale":1,"position":{"pointX":640,"pointY":360},"width":1280,"sublayerTransform":[1,0,0,0,0,1,0,0,0,0,1,-0.0005251186870016398,0,0,0,1],"contentsRect":{"y":0,"x":0,"width":1,"height":1},"opacity":1,"edgeAntialiasingMask":15,"height":720,"hidden":false,"anchorPoint":{"pointX":0.5,"pointY":0.5}},"layers":[{"animations":[],"layers":[],"initialState":{"affineTransform":[1,0,0,1,0,0],"masksToBounds":false,"rotation":0,"scale":1,"position":{"pointX":640,"pointY":360},"width":1280,"sublayerTransform":[1,0,0,0,0,1,0,0,0,0,1,0,0,0,0,1],"contentsRect":{"y":0,"x":0,"width":1,"height":1},"opacity":1,"edgeAntialiasingMask":0,"height":720,"hidden":false,"anchorPoint":{"pointX":0.5,"pointY":0.5}},"texture":"1BA297878F7D9EAA430103FB26D2EAD4"}]}]}}]}